[2026-01-01 02:17:12,486][__main__][INFO] - model:
  type: api
  provider: openrouter
  model_name: qwen3-8b
  base_url: https://openrouter.ai/api/v1
  api_key_env: OPENROUTER_API_KEY
task:
  name: math
  dataset: DigitalLearningGmbH/MATH-lighteval
  split: test
  subset_level: Level 5
  metric: accuracy
method:
  name: baseline
  type: standard
  temperature: 0.7
  top_p: 0.95
  max_new_tokens: 4096
seed: 42
limit: 200
num_samples: 5
output_dir: results/${now:%Y-%m-%d}/${task.name}/${method.name}/${now:%H-%M-%S}
debug: false
max_workers: 50

[2026-01-01 02:17:12,488][__main__][INFO] - Loading model...
[2026-01-01 02:17:12,488][__main__][INFO] - Running with 50 workers
[2026-01-01 02:17:12,488][src.data.loader][INFO] - Loading task: math
[2026-01-01 02:17:14,182][__main__][INFO] - Loaded 200 items
[2026-01-01 02:17:17,580][__main__][ERROR] - Error processing item 14: 400 Client Error: Bad Request for url: https://openrouter.ai/api/v1/chat/completions
Traceback (most recent call last):
  File "/Users/atharvnaphade/Code/Research/creativity/repo/sampling-limits-neurips/scripts/run_experiment.py", line 37, in process_item
    output, prompt_used = run_sampling(model, prompt, cfg.method)
                          ^^^^^^^^^^^^^^^^^^^^^^^^^^^^^^^^^^^^^^^
  File "/Users/atharvnaphade/Code/Research/creativity/repo/sampling-limits-neurips/scripts/../src/sampling/engine.py", line 20, in run_sampling
    return model.generate(prompt_used, **method_config), prompt_used
           ^^^^^^^^^^^^^^^^^^^^^^^^^^^^^^^^^^^^^^^^^^^^
  File "/Users/atharvnaphade/Code/Research/creativity/repo/sampling-limits-neurips/scripts/../src/models/api_model.py", line 73, in generate
    raise last_error or Exception("Unknown API error")
  File "/Users/atharvnaphade/Code/Research/creativity/repo/sampling-limits-neurips/scripts/../src/models/api_model.py", line 49, in generate
    response.raise_for_status()
  File "/Users/atharvnaphade/Code/Research/creativity/repo/sampling-limits-neurips/.venv/lib/python3.12/site-packages/requests/models.py", line 1026, in raise_for_status
    raise HTTPError(http_error_msg, response=self)
requests.exceptions.HTTPError: 400 Client Error: Bad Request for url: https://openrouter.ai/api/v1/chat/completions
[2026-01-01 02:17:17,589][__main__][ERROR] - Error processing item 25: 400 Client Error: Bad Request for url: https://openrouter.ai/api/v1/chat/completions
Traceback (most recent call last):
  File "/Users/atharvnaphade/Code/Research/creativity/repo/sampling-limits-neurips/scripts/run_experiment.py", line 37, in process_item
    output, prompt_used = run_sampling(model, prompt, cfg.method)
                          ^^^^^^^^^^^^^^^^^^^^^^^^^^^^^^^^^^^^^^^
  File "/Users/atharvnaphade/Code/Research/creativity/repo/sampling-limits-neurips/scripts/../src/sampling/engine.py", line 20, in run_sampling
    return model.generate(prompt_used, **method_config), prompt_used
           ^^^^^^^^^^^^^^^^^^^^^^^^^^^^^^^^^^^^^^^^^^^^
  File "/Users/atharvnaphade/Code/Research/creativity/repo/sampling-limits-neurips/scripts/../src/models/api_model.py", line 73, in generate
    raise last_error or Exception("Unknown API error")
  File "/Users/atharvnaphade/Code/Research/creativity/repo/sampling-limits-neurips/scripts/../src/models/api_model.py", line 49, in generate
    response.raise_for_status()
  File "/Users/atharvnaphade/Code/Research/creativity/repo/sampling-limits-neurips/.venv/lib/python3.12/site-packages/requests/models.py", line 1026, in raise_for_status
    raise HTTPError(http_error_msg, response=self)
requests.exceptions.HTTPError: 400 Client Error: Bad Request for url: https://openrouter.ai/api/v1/chat/completions
[2026-01-01 02:17:17,593][__main__][ERROR] - Error processing item 19: 400 Client Error: Bad Request for url: https://openrouter.ai/api/v1/chat/completions
Traceback (most recent call last):
  File "/Users/atharvnaphade/Code/Research/creativity/repo/sampling-limits-neurips/scripts/run_experiment.py", line 37, in process_item
    output, prompt_used = run_sampling(model, prompt, cfg.method)
                          ^^^^^^^^^^^^^^^^^^^^^^^^^^^^^^^^^^^^^^^
  File "/Users/atharvnaphade/Code/Research/creativity/repo/sampling-limits-neurips/scripts/../src/sampling/engine.py", line 20, in run_sampling
    return model.generate(prompt_used, **method_config), prompt_used
           ^^^^^^^^^^^^^^^^^^^^^^^^^^^^^^^^^^^^^^^^^^^^
  File "/Users/atharvnaphade/Code/Research/creativity/repo/sampling-limits-neurips/scripts/../src/models/api_model.py", line 73, in generate
    raise last_error or Exception("Unknown API error")
  File "/Users/atharvnaphade/Code/Research/creativity/repo/sampling-limits-neurips/scripts/../src/models/api_model.py", line 49, in generate
    response.raise_for_status()
  File "/Users/atharvnaphade/Code/Research/creativity/repo/sampling-limits-neurips/.venv/lib/python3.12/site-packages/requests/models.py", line 1026, in raise_for_status
    raise HTTPError(http_error_msg, response=self)
requests.exceptions.HTTPError: 400 Client Error: Bad Request for url: https://openrouter.ai/api/v1/chat/completions
[2026-01-01 02:17:17,597][__main__][ERROR] - Error processing item 1: 400 Client Error: Bad Request for url: https://openrouter.ai/api/v1/chat/completions
Traceback (most recent call last):
  File "/Users/atharvnaphade/Code/Research/creativity/repo/sampling-limits-neurips/scripts/run_experiment.py", line 37, in process_item
    output, prompt_used = run_sampling(model, prompt, cfg.method)
                          ^^^^^^^^^^^^^^^^^^^^^^^^^^^^^^^^^^^^^^^
  File "/Users/atharvnaphade/Code/Research/creativity/repo/sampling-limits-neurips/scripts/../src/sampling/engine.py", line 20, in run_sampling
    return model.generate(prompt_used, **method_config), prompt_used
           ^^^^^^^^^^^^^^^^^^^^^^^^^^^^^^^^^^^^^^^^^^^^
  File "/Users/atharvnaphade/Code/Research/creativity/repo/sampling-limits-neurips/scripts/../src/models/api_model.py", line 73, in generate
    raise last_error or Exception("Unknown API error")
  File "/Users/atharvnaphade/Code/Research/creativity/repo/sampling-limits-neurips/scripts/../src/models/api_model.py", line 49, in generate
    response.raise_for_status()
  File "/Users/atharvnaphade/Code/Research/creativity/repo/sampling-limits-neurips/.venv/lib/python3.12/site-packages/requests/models.py", line 1026, in raise_for_status
    raise HTTPError(http_error_msg, response=self)
requests.exceptions.HTTPError: 400 Client Error: Bad Request for url: https://openrouter.ai/api/v1/chat/completions
[2026-01-01 02:17:17,613][__main__][ERROR] - Error processing item 10: 400 Client Error: Bad Request for url: https://openrouter.ai/api/v1/chat/completions
Traceback (most recent call last):
  File "/Users/atharvnaphade/Code/Research/creativity/repo/sampling-limits-neurips/scripts/run_experiment.py", line 37, in process_item
    output, prompt_used = run_sampling(model, prompt, cfg.method)
                          ^^^^^^^^^^^^^^^^^^^^^^^^^^^^^^^^^^^^^^^
  File "/Users/atharvnaphade/Code/Research/creativity/repo/sampling-limits-neurips/scripts/../src/sampling/engine.py", line 20, in run_sampling
    return model.generate(prompt_used, **method_config), prompt_used
           ^^^^^^^^^^^^^^^^^^^^^^^^^^^^^^^^^^^^^^^^^^^^
  File "/Users/atharvnaphade/Code/Research/creativity/repo/sampling-limits-neurips/scripts/../src/models/api_model.py", line 73, in generate
    raise last_error or Exception("Unknown API error")
  File "/Users/atharvnaphade/Code/Research/creativity/repo/sampling-limits-neurips/scripts/../src/models/api_model.py", line 49, in generate
    response.raise_for_status()
  File "/Users/atharvnaphade/Code/Research/creativity/repo/sampling-limits-neurips/.venv/lib/python3.12/site-packages/requests/models.py", line 1026, in raise_for_status
    raise HTTPError(http_error_msg, response=self)
requests.exceptions.HTTPError: 400 Client Error: Bad Request for url: https://openrouter.ai/api/v1/chat/completions
[2026-01-01 02:17:17,616][__main__][ERROR] - Error processing item 17: 400 Client Error: Bad Request for url: https://openrouter.ai/api/v1/chat/completions
Traceback (most recent call last):
  File "/Users/atharvnaphade/Code/Research/creativity/repo/sampling-limits-neurips/scripts/run_experiment.py", line 37, in process_item
    output, prompt_used = run_sampling(model, prompt, cfg.method)
                          ^^^^^^^^^^^^^^^^^^^^^^^^^^^^^^^^^^^^^^^
  File "/Users/atharvnaphade/Code/Research/creativity/repo/sampling-limits-neurips/scripts/../src/sampling/engine.py", line 20, in run_sampling
    return model.generate(prompt_used, **method_config), prompt_used
           ^^^^^^^^^^^^^^^^^^^^^^^^^^^^^^^^^^^^^^^^^^^^
  File "/Users/atharvnaphade/Code/Research/creativity/repo/sampling-limits-neurips/scripts/../src/models/api_model.py", line 73, in generate
    raise last_error or Exception("Unknown API error")
  File "/Users/atharvnaphade/Code/Research/creativity/repo/sampling-limits-neurips/scripts/../src/models/api_model.py", line 49, in generate
    response.raise_for_status()
  File "/Users/atharvnaphade/Code/Research/creativity/repo/sampling-limits-neurips/.venv/lib/python3.12/site-packages/requests/models.py", line 1026, in raise_for_status
    raise HTTPError(http_error_msg, response=self)
requests.exceptions.HTTPError: 400 Client Error: Bad Request for url: https://openrouter.ai/api/v1/chat/completions
[2026-01-01 02:17:17,620][__main__][ERROR] - Error processing item 3: 400 Client Error: Bad Request for url: https://openrouter.ai/api/v1/chat/completions
Traceback (most recent call last):
  File "/Users/atharvnaphade/Code/Research/creativity/repo/sampling-limits-neurips/scripts/run_experiment.py", line 37, in process_item
    output, prompt_used = run_sampling(model, prompt, cfg.method)
                          ^^^^^^^^^^^^^^^^^^^^^^^^^^^^^^^^^^^^^^^
  File "/Users/atharvnaphade/Code/Research/creativity/repo/sampling-limits-neurips/scripts/../src/sampling/engine.py", line 20, in run_sampling
    return model.generate(prompt_used, **method_config), prompt_used
           ^^^^^^^^^^^^^^^^^^^^^^^^^^^^^^^^^^^^^^^^^^^^
  File "/Users/atharvnaphade/Code/Research/creativity/repo/sampling-limits-neurips/scripts/../src/models/api_model.py", line 73, in generate
    raise last_error or Exception("Unknown API error")
  File "/Users/atharvnaphade/Code/Research/creativity/repo/sampling-limits-neurips/scripts/../src/models/api_model.py", line 49, in generate
    response.raise_for_status()
  File "/Users/atharvnaphade/Code/Research/creativity/repo/sampling-limits-neurips/.venv/lib/python3.12/site-packages/requests/models.py", line 1026, in raise_for_status
    raise HTTPError(http_error_msg, response=self)
requests.exceptions.HTTPError: 400 Client Error: Bad Request for url: https://openrouter.ai/api/v1/chat/completions
[2026-01-01 02:17:17,622][__main__][ERROR] - Error processing item 11: 400 Client Error: Bad Request for url: https://openrouter.ai/api/v1/chat/completions
Traceback (most recent call last):
  File "/Users/atharvnaphade/Code/Research/creativity/repo/sampling-limits-neurips/scripts/run_experiment.py", line 37, in process_item
    output, prompt_used = run_sampling(model, prompt, cfg.method)
                          ^^^^^^^^^^^^^^^^^^^^^^^^^^^^^^^^^^^^^^^
  File "/Users/atharvnaphade/Code/Research/creativity/repo/sampling-limits-neurips/scripts/../src/sampling/engine.py", line 20, in run_sampling
    return model.generate(prompt_used, **method_config), prompt_used
           ^^^^^^^^^^^^^^^^^^^^^^^^^^^^^^^^^^^^^^^^^^^^
  File "/Users/atharvnaphade/Code/Research/creativity/repo/sampling-limits-neurips/scripts/../src/models/api_model.py", line 73, in generate
    raise last_error or Exception("Unknown API error")
  File "/Users/atharvnaphade/Code/Research/creativity/repo/sampling-limits-neurips/scripts/../src/models/api_model.py", line 49, in generate
    response.raise_for_status()
  File "/Users/atharvnaphade/Code/Research/creativity/repo/sampling-limits-neurips/.venv/lib/python3.12/site-packages/requests/models.py", line 1026, in raise_for_status
    raise HTTPError(http_error_msg, response=self)
requests.exceptions.HTTPError: 400 Client Error: Bad Request for url: https://openrouter.ai/api/v1/chat/completions
[2026-01-01 02:17:17,624][__main__][ERROR] - Error processing item 5: 400 Client Error: Bad Request for url: https://openrouter.ai/api/v1/chat/completions
Traceback (most recent call last):
  File "/Users/atharvnaphade/Code/Research/creativity/repo/sampling-limits-neurips/scripts/run_experiment.py", line 37, in process_item
    output, prompt_used = run_sampling(model, prompt, cfg.method)
                          ^^^^^^^^^^^^^^^^^^^^^^^^^^^^^^^^^^^^^^^
  File "/Users/atharvnaphade/Code/Research/creativity/repo/sampling-limits-neurips/scripts/../src/sampling/engine.py", line 20, in run_sampling
    return model.generate(prompt_used, **method_config), prompt_used
           ^^^^^^^^^^^^^^^^^^^^^^^^^^^^^^^^^^^^^^^^^^^^
  File "/Users/atharvnaphade/Code/Research/creativity/repo/sampling-limits-neurips/scripts/../src/models/api_model.py", line 73, in generate
    raise last_error or Exception("Unknown API error")
  File "/Users/atharvnaphade/Code/Research/creativity/repo/sampling-limits-neurips/scripts/../src/models/api_model.py", line 49, in generate
    response.raise_for_status()
  File "/Users/atharvnaphade/Code/Research/creativity/repo/sampling-limits-neurips/.venv/lib/python3.12/site-packages/requests/models.py", line 1026, in raise_for_status
    raise HTTPError(http_error_msg, response=self)
requests.exceptions.HTTPError: 400 Client Error: Bad Request for url: https://openrouter.ai/api/v1/chat/completions
[2026-01-01 02:17:17,626][__main__][ERROR] - Error processing item 15: 400 Client Error: Bad Request for url: https://openrouter.ai/api/v1/chat/completions
Traceback (most recent call last):
  File "/Users/atharvnaphade/Code/Research/creativity/repo/sampling-limits-neurips/scripts/run_experiment.py", line 37, in process_item
    output, prompt_used = run_sampling(model, prompt, cfg.method)
                          ^^^^^^^^^^^^^^^^^^^^^^^^^^^^^^^^^^^^^^^
  File "/Users/atharvnaphade/Code/Research/creativity/repo/sampling-limits-neurips/scripts/../src/sampling/engine.py", line 20, in run_sampling
    return model.generate(prompt_used, **method_config), prompt_used
           ^^^^^^^^^^^^^^^^^^^^^^^^^^^^^^^^^^^^^^^^^^^^
  File "/Users/atharvnaphade/Code/Research/creativity/repo/sampling-limits-neurips/scripts/../src/models/api_model.py", line 73, in generate
    raise last_error or Exception("Unknown API error")
  File "/Users/atharvnaphade/Code/Research/creativity/repo/sampling-limits-neurips/scripts/../src/models/api_model.py", line 49, in generate
    response.raise_for_status()
  File "/Users/atharvnaphade/Code/Research/creativity/repo/sampling-limits-neurips/.venv/lib/python3.12/site-packages/requests/models.py", line 1026, in raise_for_status
    raise HTTPError(http_error_msg, response=self)
requests.exceptions.HTTPError: 400 Client Error: Bad Request for url: https://openrouter.ai/api/v1/chat/completions
[2026-01-01 02:17:17,628][__main__][ERROR] - Error processing item 9: 400 Client Error: Bad Request for url: https://openrouter.ai/api/v1/chat/completions
Traceback (most recent call last):
  File "/Users/atharvnaphade/Code/Research/creativity/repo/sampling-limits-neurips/scripts/run_experiment.py", line 37, in process_item
    output, prompt_used = run_sampling(model, prompt, cfg.method)
                          ^^^^^^^^^^^^^^^^^^^^^^^^^^^^^^^^^^^^^^^
  File "/Users/atharvnaphade/Code/Research/creativity/repo/sampling-limits-neurips/scripts/../src/sampling/engine.py", line 20, in run_sampling
    return model.generate(prompt_used, **method_config), prompt_used
           ^^^^^^^^^^^^^^^^^^^^^^^^^^^^^^^^^^^^^^^^^^^^
  File "/Users/atharvnaphade/Code/Research/creativity/repo/sampling-limits-neurips/scripts/../src/models/api_model.py", line 73, in generate
    raise last_error or Exception("Unknown API error")
  File "/Users/atharvnaphade/Code/Research/creativity/repo/sampling-limits-neurips/scripts/../src/models/api_model.py", line 49, in generate
    response.raise_for_status()
  File "/Users/atharvnaphade/Code/Research/creativity/repo/sampling-limits-neurips/.venv/lib/python3.12/site-packages/requests/models.py", line 1026, in raise_for_status
    raise HTTPError(http_error_msg, response=self)
requests.exceptions.HTTPError: 400 Client Error: Bad Request for url: https://openrouter.ai/api/v1/chat/completions
[2026-01-01 02:17:17,629][__main__][ERROR] - Error processing item 23: 400 Client Error: Bad Request for url: https://openrouter.ai/api/v1/chat/completions
Traceback (most recent call last):
  File "/Users/atharvnaphade/Code/Research/creativity/repo/sampling-limits-neurips/scripts/run_experiment.py", line 37, in process_item
    output, prompt_used = run_sampling(model, prompt, cfg.method)
                          ^^^^^^^^^^^^^^^^^^^^^^^^^^^^^^^^^^^^^^^
  File "/Users/atharvnaphade/Code/Research/creativity/repo/sampling-limits-neurips/scripts/../src/sampling/engine.py", line 20, in run_sampling
    return model.generate(prompt_used, **method_config), prompt_used
           ^^^^^^^^^^^^^^^^^^^^^^^^^^^^^^^^^^^^^^^^^^^^
  File "/Users/atharvnaphade/Code/Research/creativity/repo/sampling-limits-neurips/scripts/../src/models/api_model.py", line 73, in generate
    raise last_error or Exception("Unknown API error")
  File "/Users/atharvnaphade/Code/Research/creativity/repo/sampling-limits-neurips/scripts/../src/models/api_model.py", line 49, in generate
    response.raise_for_status()
  File "/Users/atharvnaphade/Code/Research/creativity/repo/sampling-limits-neurips/.venv/lib/python3.12/site-packages/requests/models.py", line 1026, in raise_for_status
    raise HTTPError(http_error_msg, response=self)
requests.exceptions.HTTPError: 400 Client Error: Bad Request for url: https://openrouter.ai/api/v1/chat/completions
[2026-01-01 02:17:17,631][__main__][ERROR] - Error processing item 18: 400 Client Error: Bad Request for url: https://openrouter.ai/api/v1/chat/completions
Traceback (most recent call last):
  File "/Users/atharvnaphade/Code/Research/creativity/repo/sampling-limits-neurips/scripts/run_experiment.py", line 37, in process_item
    output, prompt_used = run_sampling(model, prompt, cfg.method)
                          ^^^^^^^^^^^^^^^^^^^^^^^^^^^^^^^^^^^^^^^
  File "/Users/atharvnaphade/Code/Research/creativity/repo/sampling-limits-neurips/scripts/../src/sampling/engine.py", line 20, in run_sampling
    return model.generate(prompt_used, **method_config), prompt_used
           ^^^^^^^^^^^^^^^^^^^^^^^^^^^^^^^^^^^^^^^^^^^^
  File "/Users/atharvnaphade/Code/Research/creativity/repo/sampling-limits-neurips/scripts/../src/models/api_model.py", line 73, in generate
    raise last_error or Exception("Unknown API error")
  File "/Users/atharvnaphade/Code/Research/creativity/repo/sampling-limits-neurips/scripts/../src/models/api_model.py", line 49, in generate
    response.raise_for_status()
  File "/Users/atharvnaphade/Code/Research/creativity/repo/sampling-limits-neurips/.venv/lib/python3.12/site-packages/requests/models.py", line 1026, in raise_for_status
    raise HTTPError(http_error_msg, response=self)
requests.exceptions.HTTPError: 400 Client Error: Bad Request for url: https://openrouter.ai/api/v1/chat/completions
[2026-01-01 02:17:17,633][__main__][ERROR] - Error processing item 7: 400 Client Error: Bad Request for url: https://openrouter.ai/api/v1/chat/completions
Traceback (most recent call last):
  File "/Users/atharvnaphade/Code/Research/creativity/repo/sampling-limits-neurips/scripts/run_experiment.py", line 37, in process_item
    output, prompt_used = run_sampling(model, prompt, cfg.method)
                          ^^^^^^^^^^^^^^^^^^^^^^^^^^^^^^^^^^^^^^^
  File "/Users/atharvnaphade/Code/Research/creativity/repo/sampling-limits-neurips/scripts/../src/sampling/engine.py", line 20, in run_sampling
    return model.generate(prompt_used, **method_config), prompt_used
           ^^^^^^^^^^^^^^^^^^^^^^^^^^^^^^^^^^^^^^^^^^^^
  File "/Users/atharvnaphade/Code/Research/creativity/repo/sampling-limits-neurips/scripts/../src/models/api_model.py", line 73, in generate
    raise last_error or Exception("Unknown API error")
  File "/Users/atharvnaphade/Code/Research/creativity/repo/sampling-limits-neurips/scripts/../src/models/api_model.py", line 49, in generate
    response.raise_for_status()
  File "/Users/atharvnaphade/Code/Research/creativity/repo/sampling-limits-neurips/.venv/lib/python3.12/site-packages/requests/models.py", line 1026, in raise_for_status
    raise HTTPError(http_error_msg, response=self)
requests.exceptions.HTTPError: 400 Client Error: Bad Request for url: https://openrouter.ai/api/v1/chat/completions
[2026-01-01 02:17:17,634][__main__][ERROR] - Error processing item 21: 400 Client Error: Bad Request for url: https://openrouter.ai/api/v1/chat/completions
Traceback (most recent call last):
  File "/Users/atharvnaphade/Code/Research/creativity/repo/sampling-limits-neurips/scripts/run_experiment.py", line 37, in process_item
    output, prompt_used = run_sampling(model, prompt, cfg.method)
                          ^^^^^^^^^^^^^^^^^^^^^^^^^^^^^^^^^^^^^^^
  File "/Users/atharvnaphade/Code/Research/creativity/repo/sampling-limits-neurips/scripts/../src/sampling/engine.py", line 20, in run_sampling
    return model.generate(prompt_used, **method_config), prompt_used
           ^^^^^^^^^^^^^^^^^^^^^^^^^^^^^^^^^^^^^^^^^^^^
  File "/Users/atharvnaphade/Code/Research/creativity/repo/sampling-limits-neurips/scripts/../src/models/api_model.py", line 73, in generate
    raise last_error or Exception("Unknown API error")
  File "/Users/atharvnaphade/Code/Research/creativity/repo/sampling-limits-neurips/scripts/../src/models/api_model.py", line 49, in generate
    response.raise_for_status()
  File "/Users/atharvnaphade/Code/Research/creativity/repo/sampling-limits-neurips/.venv/lib/python3.12/site-packages/requests/models.py", line 1026, in raise_for_status
    raise HTTPError(http_error_msg, response=self)
requests.exceptions.HTTPError: 400 Client Error: Bad Request for url: https://openrouter.ai/api/v1/chat/completions
[2026-01-01 02:17:17,639][__main__][ERROR] - Error processing item 8: 400 Client Error: Bad Request for url: https://openrouter.ai/api/v1/chat/completions
Traceback (most recent call last):
  File "/Users/atharvnaphade/Code/Research/creativity/repo/sampling-limits-neurips/scripts/run_experiment.py", line 37, in process_item
    output, prompt_used = run_sampling(model, prompt, cfg.method)
                          ^^^^^^^^^^^^^^^^^^^^^^^^^^^^^^^^^^^^^^^
  File "/Users/atharvnaphade/Code/Research/creativity/repo/sampling-limits-neurips/scripts/../src/sampling/engine.py", line 20, in run_sampling
    return model.generate(prompt_used, **method_config), prompt_used
           ^^^^^^^^^^^^^^^^^^^^^^^^^^^^^^^^^^^^^^^^^^^^
  File "/Users/atharvnaphade/Code/Research/creativity/repo/sampling-limits-neurips/scripts/../src/models/api_model.py", line 73, in generate
    raise last_error or Exception("Unknown API error")
  File "/Users/atharvnaphade/Code/Research/creativity/repo/sampling-limits-neurips/scripts/../src/models/api_model.py", line 49, in generate
    response.raise_for_status()
  File "/Users/atharvnaphade/Code/Research/creativity/repo/sampling-limits-neurips/.venv/lib/python3.12/site-packages/requests/models.py", line 1026, in raise_for_status
    raise HTTPError(http_error_msg, response=self)
requests.exceptions.HTTPError: 400 Client Error: Bad Request for url: https://openrouter.ai/api/v1/chat/completions
[2026-01-01 02:17:17,647][__main__][ERROR] - Error processing item 2: 400 Client Error: Bad Request for url: https://openrouter.ai/api/v1/chat/completions
Traceback (most recent call last):
  File "/Users/atharvnaphade/Code/Research/creativity/repo/sampling-limits-neurips/scripts/run_experiment.py", line 37, in process_item
    output, prompt_used = run_sampling(model, prompt, cfg.method)
                          ^^^^^^^^^^^^^^^^^^^^^^^^^^^^^^^^^^^^^^^
  File "/Users/atharvnaphade/Code/Research/creativity/repo/sampling-limits-neurips/scripts/../src/sampling/engine.py", line 20, in run_sampling
    return model.generate(prompt_used, **method_config), prompt_used
           ^^^^^^^^^^^^^^^^^^^^^^^^^^^^^^^^^^^^^^^^^^^^
  File "/Users/atharvnaphade/Code/Research/creativity/repo/sampling-limits-neurips/scripts/../src/models/api_model.py", line 73, in generate
    raise last_error or Exception("Unknown API error")
  File "/Users/atharvnaphade/Code/Research/creativity/repo/sampling-limits-neurips/scripts/../src/models/api_model.py", line 49, in generate
    response.raise_for_status()
  File "/Users/atharvnaphade/Code/Research/creativity/repo/sampling-limits-neurips/.venv/lib/python3.12/site-packages/requests/models.py", line 1026, in raise_for_status
    raise HTTPError(http_error_msg, response=self)
requests.exceptions.HTTPError: 400 Client Error: Bad Request for url: https://openrouter.ai/api/v1/chat/completions
[2026-01-01 02:17:17,667][__main__][ERROR] - Error processing item 6: 400 Client Error: Bad Request for url: https://openrouter.ai/api/v1/chat/completions
Traceback (most recent call last):
  File "/Users/atharvnaphade/Code/Research/creativity/repo/sampling-limits-neurips/scripts/run_experiment.py", line 37, in process_item
    output, prompt_used = run_sampling(model, prompt, cfg.method)
                          ^^^^^^^^^^^^^^^^^^^^^^^^^^^^^^^^^^^^^^^
  File "/Users/atharvnaphade/Code/Research/creativity/repo/sampling-limits-neurips/scripts/../src/sampling/engine.py", line 20, in run_sampling
    return model.generate(prompt_used, **method_config), prompt_used
           ^^^^^^^^^^^^^^^^^^^^^^^^^^^^^^^^^^^^^^^^^^^^
  File "/Users/atharvnaphade/Code/Research/creativity/repo/sampling-limits-neurips/scripts/../src/models/api_model.py", line 73, in generate
    raise last_error or Exception("Unknown API error")
  File "/Users/atharvnaphade/Code/Research/creativity/repo/sampling-limits-neurips/scripts/../src/models/api_model.py", line 49, in generate
    response.raise_for_status()
  File "/Users/atharvnaphade/Code/Research/creativity/repo/sampling-limits-neurips/.venv/lib/python3.12/site-packages/requests/models.py", line 1026, in raise_for_status
    raise HTTPError(http_error_msg, response=self)
requests.exceptions.HTTPError: 400 Client Error: Bad Request for url: https://openrouter.ai/api/v1/chat/completions
[2026-01-01 02:17:17,675][__main__][ERROR] - Error processing item 20: 400 Client Error: Bad Request for url: https://openrouter.ai/api/v1/chat/completions
Traceback (most recent call last):
  File "/Users/atharvnaphade/Code/Research/creativity/repo/sampling-limits-neurips/scripts/run_experiment.py", line 37, in process_item
    output, prompt_used = run_sampling(model, prompt, cfg.method)
                          ^^^^^^^^^^^^^^^^^^^^^^^^^^^^^^^^^^^^^^^
  File "/Users/atharvnaphade/Code/Research/creativity/repo/sampling-limits-neurips/scripts/../src/sampling/engine.py", line 20, in run_sampling
    return model.generate(prompt_used, **method_config), prompt_used
           ^^^^^^^^^^^^^^^^^^^^^^^^^^^^^^^^^^^^^^^^^^^^
  File "/Users/atharvnaphade/Code/Research/creativity/repo/sampling-limits-neurips/scripts/../src/models/api_model.py", line 73, in generate
    raise last_error or Exception("Unknown API error")
  File "/Users/atharvnaphade/Code/Research/creativity/repo/sampling-limits-neurips/scripts/../src/models/api_model.py", line 49, in generate
    response.raise_for_status()
  File "/Users/atharvnaphade/Code/Research/creativity/repo/sampling-limits-neurips/.venv/lib/python3.12/site-packages/requests/models.py", line 1026, in raise_for_status
    raise HTTPError(http_error_msg, response=self)
requests.exceptions.HTTPError: 400 Client Error: Bad Request for url: https://openrouter.ai/api/v1/chat/completions
[2026-01-01 02:17:17,694][__main__][ERROR] - Error processing item 35: 400 Client Error: Bad Request for url: https://openrouter.ai/api/v1/chat/completions
Traceback (most recent call last):
  File "/Users/atharvnaphade/Code/Research/creativity/repo/sampling-limits-neurips/scripts/run_experiment.py", line 37, in process_item
    output, prompt_used = run_sampling(model, prompt, cfg.method)
                          ^^^^^^^^^^^^^^^^^^^^^^^^^^^^^^^^^^^^^^^
  File "/Users/atharvnaphade/Code/Research/creativity/repo/sampling-limits-neurips/scripts/../src/sampling/engine.py", line 20, in run_sampling
    return model.generate(prompt_used, **method_config), prompt_used
           ^^^^^^^^^^^^^^^^^^^^^^^^^^^^^^^^^^^^^^^^^^^^
  File "/Users/atharvnaphade/Code/Research/creativity/repo/sampling-limits-neurips/scripts/../src/models/api_model.py", line 73, in generate
    raise last_error or Exception("Unknown API error")
  File "/Users/atharvnaphade/Code/Research/creativity/repo/sampling-limits-neurips/scripts/../src/models/api_model.py", line 49, in generate
    response.raise_for_status()
  File "/Users/atharvnaphade/Code/Research/creativity/repo/sampling-limits-neurips/.venv/lib/python3.12/site-packages/requests/models.py", line 1026, in raise_for_status
    raise HTTPError(http_error_msg, response=self)
requests.exceptions.HTTPError: 400 Client Error: Bad Request for url: https://openrouter.ai/api/v1/chat/completions
[2026-01-01 02:17:17,711][__main__][ERROR] - Error processing item 26: 400 Client Error: Bad Request for url: https://openrouter.ai/api/v1/chat/completions
Traceback (most recent call last):
  File "/Users/atharvnaphade/Code/Research/creativity/repo/sampling-limits-neurips/scripts/run_experiment.py", line 37, in process_item
    output, prompt_used = run_sampling(model, prompt, cfg.method)
                          ^^^^^^^^^^^^^^^^^^^^^^^^^^^^^^^^^^^^^^^
  File "/Users/atharvnaphade/Code/Research/creativity/repo/sampling-limits-neurips/scripts/../src/sampling/engine.py", line 20, in run_sampling
    return model.generate(prompt_used, **method_config), prompt_used
           ^^^^^^^^^^^^^^^^^^^^^^^^^^^^^^^^^^^^^^^^^^^^
  File "/Users/atharvnaphade/Code/Research/creativity/repo/sampling-limits-neurips/scripts/../src/models/api_model.py", line 73, in generate
    raise last_error or Exception("Unknown API error")
  File "/Users/atharvnaphade/Code/Research/creativity/repo/sampling-limits-neurips/scripts/../src/models/api_model.py", line 49, in generate
    response.raise_for_status()
  File "/Users/atharvnaphade/Code/Research/creativity/repo/sampling-limits-neurips/.venv/lib/python3.12/site-packages/requests/models.py", line 1026, in raise_for_status
    raise HTTPError(http_error_msg, response=self)
requests.exceptions.HTTPError: 400 Client Error: Bad Request for url: https://openrouter.ai/api/v1/chat/completions
[2026-01-01 02:17:17,728][__main__][ERROR] - Error processing item 22: 400 Client Error: Bad Request for url: https://openrouter.ai/api/v1/chat/completions
Traceback (most recent call last):
  File "/Users/atharvnaphade/Code/Research/creativity/repo/sampling-limits-neurips/scripts/run_experiment.py", line 37, in process_item
    output, prompt_used = run_sampling(model, prompt, cfg.method)
                          ^^^^^^^^^^^^^^^^^^^^^^^^^^^^^^^^^^^^^^^
  File "/Users/atharvnaphade/Code/Research/creativity/repo/sampling-limits-neurips/scripts/../src/sampling/engine.py", line 20, in run_sampling
    return model.generate(prompt_used, **method_config), prompt_used
           ^^^^^^^^^^^^^^^^^^^^^^^^^^^^^^^^^^^^^^^^^^^^
  File "/Users/atharvnaphade/Code/Research/creativity/repo/sampling-limits-neurips/scripts/../src/models/api_model.py", line 73, in generate
    raise last_error or Exception("Unknown API error")
  File "/Users/atharvnaphade/Code/Research/creativity/repo/sampling-limits-neurips/scripts/../src/models/api_model.py", line 49, in generate
    response.raise_for_status()
  File "/Users/atharvnaphade/Code/Research/creativity/repo/sampling-limits-neurips/.venv/lib/python3.12/site-packages/requests/models.py", line 1026, in raise_for_status
    raise HTTPError(http_error_msg, response=self)
requests.exceptions.HTTPError: 400 Client Error: Bad Request for url: https://openrouter.ai/api/v1/chat/completions
[2026-01-01 02:17:17,735][__main__][ERROR] - Error processing item 49: 400 Client Error: Bad Request for url: https://openrouter.ai/api/v1/chat/completions
Traceback (most recent call last):
  File "/Users/atharvnaphade/Code/Research/creativity/repo/sampling-limits-neurips/scripts/run_experiment.py", line 37, in process_item
    output, prompt_used = run_sampling(model, prompt, cfg.method)
                          ^^^^^^^^^^^^^^^^^^^^^^^^^^^^^^^^^^^^^^^
  File "/Users/atharvnaphade/Code/Research/creativity/repo/sampling-limits-neurips/scripts/../src/sampling/engine.py", line 20, in run_sampling
    return model.generate(prompt_used, **method_config), prompt_used
           ^^^^^^^^^^^^^^^^^^^^^^^^^^^^^^^^^^^^^^^^^^^^
  File "/Users/atharvnaphade/Code/Research/creativity/repo/sampling-limits-neurips/scripts/../src/models/api_model.py", line 73, in generate
    raise last_error or Exception("Unknown API error")
  File "/Users/atharvnaphade/Code/Research/creativity/repo/sampling-limits-neurips/scripts/../src/models/api_model.py", line 49, in generate
    response.raise_for_status()
  File "/Users/atharvnaphade/Code/Research/creativity/repo/sampling-limits-neurips/.venv/lib/python3.12/site-packages/requests/models.py", line 1026, in raise_for_status
    raise HTTPError(http_error_msg, response=self)
requests.exceptions.HTTPError: 400 Client Error: Bad Request for url: https://openrouter.ai/api/v1/chat/completions
[2026-01-01 02:17:17,739][__main__][ERROR] - Error processing item 39: 400 Client Error: Bad Request for url: https://openrouter.ai/api/v1/chat/completions
Traceback (most recent call last):
  File "/Users/atharvnaphade/Code/Research/creativity/repo/sampling-limits-neurips/scripts/run_experiment.py", line 37, in process_item
    output, prompt_used = run_sampling(model, prompt, cfg.method)
                          ^^^^^^^^^^^^^^^^^^^^^^^^^^^^^^^^^^^^^^^
  File "/Users/atharvnaphade/Code/Research/creativity/repo/sampling-limits-neurips/scripts/../src/sampling/engine.py", line 20, in run_sampling
    return model.generate(prompt_used, **method_config), prompt_used
           ^^^^^^^^^^^^^^^^^^^^^^^^^^^^^^^^^^^^^^^^^^^^
  File "/Users/atharvnaphade/Code/Research/creativity/repo/sampling-limits-neurips/scripts/../src/models/api_model.py", line 73, in generate
    raise last_error or Exception("Unknown API error")
  File "/Users/atharvnaphade/Code/Research/creativity/repo/sampling-limits-neurips/scripts/../src/models/api_model.py", line 49, in generate
    response.raise_for_status()
  File "/Users/atharvnaphade/Code/Research/creativity/repo/sampling-limits-neurips/.venv/lib/python3.12/site-packages/requests/models.py", line 1026, in raise_for_status
    raise HTTPError(http_error_msg, response=self)
requests.exceptions.HTTPError: 400 Client Error: Bad Request for url: https://openrouter.ai/api/v1/chat/completions
[2026-01-01 02:17:17,743][__main__][ERROR] - Error processing item 29: 400 Client Error: Bad Request for url: https://openrouter.ai/api/v1/chat/completions
Traceback (most recent call last):
  File "/Users/atharvnaphade/Code/Research/creativity/repo/sampling-limits-neurips/scripts/run_experiment.py", line 37, in process_item
    output, prompt_used = run_sampling(model, prompt, cfg.method)
                          ^^^^^^^^^^^^^^^^^^^^^^^^^^^^^^^^^^^^^^^
  File "/Users/atharvnaphade/Code/Research/creativity/repo/sampling-limits-neurips/scripts/../src/sampling/engine.py", line 20, in run_sampling
    return model.generate(prompt_used, **method_config), prompt_used
           ^^^^^^^^^^^^^^^^^^^^^^^^^^^^^^^^^^^^^^^^^^^^
  File "/Users/atharvnaphade/Code/Research/creativity/repo/sampling-limits-neurips/scripts/../src/models/api_model.py", line 73, in generate
    raise last_error or Exception("Unknown API error")
  File "/Users/atharvnaphade/Code/Research/creativity/repo/sampling-limits-neurips/scripts/../src/models/api_model.py", line 49, in generate
    response.raise_for_status()
  File "/Users/atharvnaphade/Code/Research/creativity/repo/sampling-limits-neurips/.venv/lib/python3.12/site-packages/requests/models.py", line 1026, in raise_for_status
    raise HTTPError(http_error_msg, response=self)
requests.exceptions.HTTPError: 400 Client Error: Bad Request for url: https://openrouter.ai/api/v1/chat/completions
[2026-01-01 02:17:17,746][__main__][ERROR] - Error processing item 31: 400 Client Error: Bad Request for url: https://openrouter.ai/api/v1/chat/completions
Traceback (most recent call last):
  File "/Users/atharvnaphade/Code/Research/creativity/repo/sampling-limits-neurips/scripts/run_experiment.py", line 37, in process_item
    output, prompt_used = run_sampling(model, prompt, cfg.method)
                          ^^^^^^^^^^^^^^^^^^^^^^^^^^^^^^^^^^^^^^^
  File "/Users/atharvnaphade/Code/Research/creativity/repo/sampling-limits-neurips/scripts/../src/sampling/engine.py", line 20, in run_sampling
    return model.generate(prompt_used, **method_config), prompt_used
           ^^^^^^^^^^^^^^^^^^^^^^^^^^^^^^^^^^^^^^^^^^^^
  File "/Users/atharvnaphade/Code/Research/creativity/repo/sampling-limits-neurips/scripts/../src/models/api_model.py", line 73, in generate
    raise last_error or Exception("Unknown API error")
  File "/Users/atharvnaphade/Code/Research/creativity/repo/sampling-limits-neurips/scripts/../src/models/api_model.py", line 49, in generate
    response.raise_for_status()
  File "/Users/atharvnaphade/Code/Research/creativity/repo/sampling-limits-neurips/.venv/lib/python3.12/site-packages/requests/models.py", line 1026, in raise_for_status
    raise HTTPError(http_error_msg, response=self)
requests.exceptions.HTTPError: 400 Client Error: Bad Request for url: https://openrouter.ai/api/v1/chat/completions
[2026-01-01 02:17:17,749][__main__][ERROR] - Error processing item 13: 400 Client Error: Bad Request for url: https://openrouter.ai/api/v1/chat/completions
Traceback (most recent call last):
  File "/Users/atharvnaphade/Code/Research/creativity/repo/sampling-limits-neurips/scripts/run_experiment.py", line 37, in process_item
    output, prompt_used = run_sampling(model, prompt, cfg.method)
                          ^^^^^^^^^^^^^^^^^^^^^^^^^^^^^^^^^^^^^^^
  File "/Users/atharvnaphade/Code/Research/creativity/repo/sampling-limits-neurips/scripts/../src/sampling/engine.py", line 20, in run_sampling
    return model.generate(prompt_used, **method_config), prompt_used
           ^^^^^^^^^^^^^^^^^^^^^^^^^^^^^^^^^^^^^^^^^^^^
  File "/Users/atharvnaphade/Code/Research/creativity/repo/sampling-limits-neurips/scripts/../src/models/api_model.py", line 73, in generate
    raise last_error or Exception("Unknown API error")
  File "/Users/atharvnaphade/Code/Research/creativity/repo/sampling-limits-neurips/scripts/../src/models/api_model.py", line 49, in generate
    response.raise_for_status()
  File "/Users/atharvnaphade/Code/Research/creativity/repo/sampling-limits-neurips/.venv/lib/python3.12/site-packages/requests/models.py", line 1026, in raise_for_status
    raise HTTPError(http_error_msg, response=self)
requests.exceptions.HTTPError: 400 Client Error: Bad Request for url: https://openrouter.ai/api/v1/chat/completions
[2026-01-01 02:17:17,753][__main__][ERROR] - Error processing item 33: 400 Client Error: Bad Request for url: https://openrouter.ai/api/v1/chat/completions
Traceback (most recent call last):
  File "/Users/atharvnaphade/Code/Research/creativity/repo/sampling-limits-neurips/scripts/run_experiment.py", line 37, in process_item
    output, prompt_used = run_sampling(model, prompt, cfg.method)
                          ^^^^^^^^^^^^^^^^^^^^^^^^^^^^^^^^^^^^^^^
  File "/Users/atharvnaphade/Code/Research/creativity/repo/sampling-limits-neurips/scripts/../src/sampling/engine.py", line 20, in run_sampling
    return model.generate(prompt_used, **method_config), prompt_used
           ^^^^^^^^^^^^^^^^^^^^^^^^^^^^^^^^^^^^^^^^^^^^
  File "/Users/atharvnaphade/Code/Research/creativity/repo/sampling-limits-neurips/scripts/../src/models/api_model.py", line 73, in generate
    raise last_error or Exception("Unknown API error")
  File "/Users/atharvnaphade/Code/Research/creativity/repo/sampling-limits-neurips/scripts/../src/models/api_model.py", line 49, in generate
    response.raise_for_status()
  File "/Users/atharvnaphade/Code/Research/creativity/repo/sampling-limits-neurips/.venv/lib/python3.12/site-packages/requests/models.py", line 1026, in raise_for_status
    raise HTTPError(http_error_msg, response=self)
requests.exceptions.HTTPError: 400 Client Error: Bad Request for url: https://openrouter.ai/api/v1/chat/completions
[2026-01-01 02:17:17,757][__main__][ERROR] - Error processing item 44: 400 Client Error: Bad Request for url: https://openrouter.ai/api/v1/chat/completions
Traceback (most recent call last):
  File "/Users/atharvnaphade/Code/Research/creativity/repo/sampling-limits-neurips/scripts/run_experiment.py", line 37, in process_item
    output, prompt_used = run_sampling(model, prompt, cfg.method)
                          ^^^^^^^^^^^^^^^^^^^^^^^^^^^^^^^^^^^^^^^
  File "/Users/atharvnaphade/Code/Research/creativity/repo/sampling-limits-neurips/scripts/../src/sampling/engine.py", line 20, in run_sampling
    return model.generate(prompt_used, **method_config), prompt_used
           ^^^^^^^^^^^^^^^^^^^^^^^^^^^^^^^^^^^^^^^^^^^^
  File "/Users/atharvnaphade/Code/Research/creativity/repo/sampling-limits-neurips/scripts/../src/models/api_model.py", line 73, in generate
    raise last_error or Exception("Unknown API error")
  File "/Users/atharvnaphade/Code/Research/creativity/repo/sampling-limits-neurips/scripts/../src/models/api_model.py", line 49, in generate
    response.raise_for_status()
  File "/Users/atharvnaphade/Code/Research/creativity/repo/sampling-limits-neurips/.venv/lib/python3.12/site-packages/requests/models.py", line 1026, in raise_for_status
    raise HTTPError(http_error_msg, response=self)
requests.exceptions.HTTPError: 400 Client Error: Bad Request for url: https://openrouter.ai/api/v1/chat/completions
[2026-01-01 02:17:17,760][__main__][ERROR] - Error processing item 48: 400 Client Error: Bad Request for url: https://openrouter.ai/api/v1/chat/completions
Traceback (most recent call last):
  File "/Users/atharvnaphade/Code/Research/creativity/repo/sampling-limits-neurips/scripts/run_experiment.py", line 37, in process_item
    output, prompt_used = run_sampling(model, prompt, cfg.method)
                          ^^^^^^^^^^^^^^^^^^^^^^^^^^^^^^^^^^^^^^^
  File "/Users/atharvnaphade/Code/Research/creativity/repo/sampling-limits-neurips/scripts/../src/sampling/engine.py", line 20, in run_sampling
    return model.generate(prompt_used, **method_config), prompt_used
           ^^^^^^^^^^^^^^^^^^^^^^^^^^^^^^^^^^^^^^^^^^^^
  File "/Users/atharvnaphade/Code/Research/creativity/repo/sampling-limits-neurips/scripts/../src/models/api_model.py", line 73, in generate
    raise last_error or Exception("Unknown API error")
  File "/Users/atharvnaphade/Code/Research/creativity/repo/sampling-limits-neurips/scripts/../src/models/api_model.py", line 49, in generate
    response.raise_for_status()
  File "/Users/atharvnaphade/Code/Research/creativity/repo/sampling-limits-neurips/.venv/lib/python3.12/site-packages/requests/models.py", line 1026, in raise_for_status
    raise HTTPError(http_error_msg, response=self)
requests.exceptions.HTTPError: 400 Client Error: Bad Request for url: https://openrouter.ai/api/v1/chat/completions
[2026-01-01 02:17:17,764][__main__][ERROR] - Error processing item 30: 400 Client Error: Bad Request for url: https://openrouter.ai/api/v1/chat/completions
Traceback (most recent call last):
  File "/Users/atharvnaphade/Code/Research/creativity/repo/sampling-limits-neurips/scripts/run_experiment.py", line 37, in process_item
    output, prompt_used = run_sampling(model, prompt, cfg.method)
                          ^^^^^^^^^^^^^^^^^^^^^^^^^^^^^^^^^^^^^^^
  File "/Users/atharvnaphade/Code/Research/creativity/repo/sampling-limits-neurips/scripts/../src/sampling/engine.py", line 20, in run_sampling
    return model.generate(prompt_used, **method_config), prompt_used
           ^^^^^^^^^^^^^^^^^^^^^^^^^^^^^^^^^^^^^^^^^^^^
  File "/Users/atharvnaphade/Code/Research/creativity/repo/sampling-limits-neurips/scripts/../src/models/api_model.py", line 73, in generate
    raise last_error or Exception("Unknown API error")
  File "/Users/atharvnaphade/Code/Research/creativity/repo/sampling-limits-neurips/scripts/../src/models/api_model.py", line 49, in generate
    response.raise_for_status()
  File "/Users/atharvnaphade/Code/Research/creativity/repo/sampling-limits-neurips/.venv/lib/python3.12/site-packages/requests/models.py", line 1026, in raise_for_status
    raise HTTPError(http_error_msg, response=self)
requests.exceptions.HTTPError: 400 Client Error: Bad Request for url: https://openrouter.ai/api/v1/chat/completions
[2026-01-01 02:17:17,768][__main__][ERROR] - Error processing item 32: 400 Client Error: Bad Request for url: https://openrouter.ai/api/v1/chat/completions
Traceback (most recent call last):
  File "/Users/atharvnaphade/Code/Research/creativity/repo/sampling-limits-neurips/scripts/run_experiment.py", line 37, in process_item
    output, prompt_used = run_sampling(model, prompt, cfg.method)
                          ^^^^^^^^^^^^^^^^^^^^^^^^^^^^^^^^^^^^^^^
  File "/Users/atharvnaphade/Code/Research/creativity/repo/sampling-limits-neurips/scripts/../src/sampling/engine.py", line 20, in run_sampling
    return model.generate(prompt_used, **method_config), prompt_used
           ^^^^^^^^^^^^^^^^^^^^^^^^^^^^^^^^^^^^^^^^^^^^
  File "/Users/atharvnaphade/Code/Research/creativity/repo/sampling-limits-neurips/scripts/../src/models/api_model.py", line 73, in generate
    raise last_error or Exception("Unknown API error")
  File "/Users/atharvnaphade/Code/Research/creativity/repo/sampling-limits-neurips/scripts/../src/models/api_model.py", line 49, in generate
    response.raise_for_status()
  File "/Users/atharvnaphade/Code/Research/creativity/repo/sampling-limits-neurips/.venv/lib/python3.12/site-packages/requests/models.py", line 1026, in raise_for_status
    raise HTTPError(http_error_msg, response=self)
requests.exceptions.HTTPError: 400 Client Error: Bad Request for url: https://openrouter.ai/api/v1/chat/completions
[2026-01-01 02:17:17,772][__main__][ERROR] - Error processing item 38: 400 Client Error: Bad Request for url: https://openrouter.ai/api/v1/chat/completions
Traceback (most recent call last):
  File "/Users/atharvnaphade/Code/Research/creativity/repo/sampling-limits-neurips/scripts/run_experiment.py", line 37, in process_item
    output, prompt_used = run_sampling(model, prompt, cfg.method)
                          ^^^^^^^^^^^^^^^^^^^^^^^^^^^^^^^^^^^^^^^
  File "/Users/atharvnaphade/Code/Research/creativity/repo/sampling-limits-neurips/scripts/../src/sampling/engine.py", line 20, in run_sampling
    return model.generate(prompt_used, **method_config), prompt_used
           ^^^^^^^^^^^^^^^^^^^^^^^^^^^^^^^^^^^^^^^^^^^^
  File "/Users/atharvnaphade/Code/Research/creativity/repo/sampling-limits-neurips/scripts/../src/models/api_model.py", line 73, in generate
    raise last_error or Exception("Unknown API error")
  File "/Users/atharvnaphade/Code/Research/creativity/repo/sampling-limits-neurips/scripts/../src/models/api_model.py", line 49, in generate
    response.raise_for_status()
  File "/Users/atharvnaphade/Code/Research/creativity/repo/sampling-limits-neurips/.venv/lib/python3.12/site-packages/requests/models.py", line 1026, in raise_for_status
    raise HTTPError(http_error_msg, response=self)
requests.exceptions.HTTPError: 400 Client Error: Bad Request for url: https://openrouter.ai/api/v1/chat/completions
[2026-01-01 02:17:17,774][__main__][ERROR] - Error processing item 36: 400 Client Error: Bad Request for url: https://openrouter.ai/api/v1/chat/completions
Traceback (most recent call last):
  File "/Users/atharvnaphade/Code/Research/creativity/repo/sampling-limits-neurips/scripts/run_experiment.py", line 37, in process_item
    output, prompt_used = run_sampling(model, prompt, cfg.method)
                          ^^^^^^^^^^^^^^^^^^^^^^^^^^^^^^^^^^^^^^^
  File "/Users/atharvnaphade/Code/Research/creativity/repo/sampling-limits-neurips/scripts/../src/sampling/engine.py", line 20, in run_sampling
    return model.generate(prompt_used, **method_config), prompt_used
           ^^^^^^^^^^^^^^^^^^^^^^^^^^^^^^^^^^^^^^^^^^^^
  File "/Users/atharvnaphade/Code/Research/creativity/repo/sampling-limits-neurips/scripts/../src/models/api_model.py", line 73, in generate
    raise last_error or Exception("Unknown API error")
  File "/Users/atharvnaphade/Code/Research/creativity/repo/sampling-limits-neurips/scripts/../src/models/api_model.py", line 49, in generate
    response.raise_for_status()
  File "/Users/atharvnaphade/Code/Research/creativity/repo/sampling-limits-neurips/.venv/lib/python3.12/site-packages/requests/models.py", line 1026, in raise_for_status
    raise HTTPError(http_error_msg, response=self)
requests.exceptions.HTTPError: 400 Client Error: Bad Request for url: https://openrouter.ai/api/v1/chat/completions
[2026-01-01 02:17:17,776][__main__][ERROR] - Error processing item 28: 400 Client Error: Bad Request for url: https://openrouter.ai/api/v1/chat/completions
Traceback (most recent call last):
  File "/Users/atharvnaphade/Code/Research/creativity/repo/sampling-limits-neurips/scripts/run_experiment.py", line 37, in process_item
    output, prompt_used = run_sampling(model, prompt, cfg.method)
                          ^^^^^^^^^^^^^^^^^^^^^^^^^^^^^^^^^^^^^^^
  File "/Users/atharvnaphade/Code/Research/creativity/repo/sampling-limits-neurips/scripts/../src/sampling/engine.py", line 20, in run_sampling
    return model.generate(prompt_used, **method_config), prompt_used
           ^^^^^^^^^^^^^^^^^^^^^^^^^^^^^^^^^^^^^^^^^^^^
  File "/Users/atharvnaphade/Code/Research/creativity/repo/sampling-limits-neurips/scripts/../src/models/api_model.py", line 73, in generate
    raise last_error or Exception("Unknown API error")
  File "/Users/atharvnaphade/Code/Research/creativity/repo/sampling-limits-neurips/scripts/../src/models/api_model.py", line 49, in generate
    response.raise_for_status()
  File "/Users/atharvnaphade/Code/Research/creativity/repo/sampling-limits-neurips/.venv/lib/python3.12/site-packages/requests/models.py", line 1026, in raise_for_status
    raise HTTPError(http_error_msg, response=self)
requests.exceptions.HTTPError: 400 Client Error: Bad Request for url: https://openrouter.ai/api/v1/chat/completions
[2026-01-01 02:17:17,780][__main__][ERROR] - Error processing item 0: 400 Client Error: Bad Request for url: https://openrouter.ai/api/v1/chat/completions
Traceback (most recent call last):
  File "/Users/atharvnaphade/Code/Research/creativity/repo/sampling-limits-neurips/scripts/run_experiment.py", line 37, in process_item
    output, prompt_used = run_sampling(model, prompt, cfg.method)
                          ^^^^^^^^^^^^^^^^^^^^^^^^^^^^^^^^^^^^^^^
  File "/Users/atharvnaphade/Code/Research/creativity/repo/sampling-limits-neurips/scripts/../src/sampling/engine.py", line 20, in run_sampling
    return model.generate(prompt_used, **method_config), prompt_used
           ^^^^^^^^^^^^^^^^^^^^^^^^^^^^^^^^^^^^^^^^^^^^
  File "/Users/atharvnaphade/Code/Research/creativity/repo/sampling-limits-neurips/scripts/../src/models/api_model.py", line 73, in generate
    raise last_error or Exception("Unknown API error")
  File "/Users/atharvnaphade/Code/Research/creativity/repo/sampling-limits-neurips/scripts/../src/models/api_model.py", line 49, in generate
    response.raise_for_status()
  File "/Users/atharvnaphade/Code/Research/creativity/repo/sampling-limits-neurips/.venv/lib/python3.12/site-packages/requests/models.py", line 1026, in raise_for_status
    raise HTTPError(http_error_msg, response=self)
requests.exceptions.HTTPError: 400 Client Error: Bad Request for url: https://openrouter.ai/api/v1/chat/completions
[2026-01-01 02:17:17,784][__main__][ERROR] - Error processing item 43: 400 Client Error: Bad Request for url: https://openrouter.ai/api/v1/chat/completions
Traceback (most recent call last):
  File "/Users/atharvnaphade/Code/Research/creativity/repo/sampling-limits-neurips/scripts/run_experiment.py", line 37, in process_item
    output, prompt_used = run_sampling(model, prompt, cfg.method)
                          ^^^^^^^^^^^^^^^^^^^^^^^^^^^^^^^^^^^^^^^
  File "/Users/atharvnaphade/Code/Research/creativity/repo/sampling-limits-neurips/scripts/../src/sampling/engine.py", line 20, in run_sampling
    return model.generate(prompt_used, **method_config), prompt_used
           ^^^^^^^^^^^^^^^^^^^^^^^^^^^^^^^^^^^^^^^^^^^^
  File "/Users/atharvnaphade/Code/Research/creativity/repo/sampling-limits-neurips/scripts/../src/models/api_model.py", line 73, in generate
    raise last_error or Exception("Unknown API error")
  File "/Users/atharvnaphade/Code/Research/creativity/repo/sampling-limits-neurips/scripts/../src/models/api_model.py", line 49, in generate
    response.raise_for_status()
  File "/Users/atharvnaphade/Code/Research/creativity/repo/sampling-limits-neurips/.venv/lib/python3.12/site-packages/requests/models.py", line 1026, in raise_for_status
    raise HTTPError(http_error_msg, response=self)
requests.exceptions.HTTPError: 400 Client Error: Bad Request for url: https://openrouter.ai/api/v1/chat/completions
[2026-01-01 02:17:17,785][__main__][ERROR] - Error processing item 16: 400 Client Error: Bad Request for url: https://openrouter.ai/api/v1/chat/completions
Traceback (most recent call last):
  File "/Users/atharvnaphade/Code/Research/creativity/repo/sampling-limits-neurips/scripts/run_experiment.py", line 37, in process_item
    output, prompt_used = run_sampling(model, prompt, cfg.method)
                          ^^^^^^^^^^^^^^^^^^^^^^^^^^^^^^^^^^^^^^^
  File "/Users/atharvnaphade/Code/Research/creativity/repo/sampling-limits-neurips/scripts/../src/sampling/engine.py", line 20, in run_sampling
    return model.generate(prompt_used, **method_config), prompt_used
           ^^^^^^^^^^^^^^^^^^^^^^^^^^^^^^^^^^^^^^^^^^^^
  File "/Users/atharvnaphade/Code/Research/creativity/repo/sampling-limits-neurips/scripts/../src/models/api_model.py", line 73, in generate
    raise last_error or Exception("Unknown API error")
  File "/Users/atharvnaphade/Code/Research/creativity/repo/sampling-limits-neurips/scripts/../src/models/api_model.py", line 49, in generate
    response.raise_for_status()
  File "/Users/atharvnaphade/Code/Research/creativity/repo/sampling-limits-neurips/.venv/lib/python3.12/site-packages/requests/models.py", line 1026, in raise_for_status
    raise HTTPError(http_error_msg, response=self)
requests.exceptions.HTTPError: 400 Client Error: Bad Request for url: https://openrouter.ai/api/v1/chat/completions
[2026-01-01 02:17:17,791][__main__][ERROR] - Error processing item 40: 400 Client Error: Bad Request for url: https://openrouter.ai/api/v1/chat/completions
Traceback (most recent call last):
  File "/Users/atharvnaphade/Code/Research/creativity/repo/sampling-limits-neurips/scripts/run_experiment.py", line 37, in process_item
    output, prompt_used = run_sampling(model, prompt, cfg.method)
                          ^^^^^^^^^^^^^^^^^^^^^^^^^^^^^^^^^^^^^^^
  File "/Users/atharvnaphade/Code/Research/creativity/repo/sampling-limits-neurips/scripts/../src/sampling/engine.py", line 20, in run_sampling
    return model.generate(prompt_used, **method_config), prompt_used
           ^^^^^^^^^^^^^^^^^^^^^^^^^^^^^^^^^^^^^^^^^^^^
  File "/Users/atharvnaphade/Code/Research/creativity/repo/sampling-limits-neurips/scripts/../src/models/api_model.py", line 73, in generate
    raise last_error or Exception("Unknown API error")
  File "/Users/atharvnaphade/Code/Research/creativity/repo/sampling-limits-neurips/scripts/../src/models/api_model.py", line 49, in generate
    response.raise_for_status()
  File "/Users/atharvnaphade/Code/Research/creativity/repo/sampling-limits-neurips/.venv/lib/python3.12/site-packages/requests/models.py", line 1026, in raise_for_status
    raise HTTPError(http_error_msg, response=self)
requests.exceptions.HTTPError: 400 Client Error: Bad Request for url: https://openrouter.ai/api/v1/chat/completions
[2026-01-01 02:17:17,793][__main__][ERROR] - Error processing item 34: 400 Client Error: Bad Request for url: https://openrouter.ai/api/v1/chat/completions
Traceback (most recent call last):
  File "/Users/atharvnaphade/Code/Research/creativity/repo/sampling-limits-neurips/scripts/run_experiment.py", line 37, in process_item
    output, prompt_used = run_sampling(model, prompt, cfg.method)
                          ^^^^^^^^^^^^^^^^^^^^^^^^^^^^^^^^^^^^^^^
  File "/Users/atharvnaphade/Code/Research/creativity/repo/sampling-limits-neurips/scripts/../src/sampling/engine.py", line 20, in run_sampling
    return model.generate(prompt_used, **method_config), prompt_used
           ^^^^^^^^^^^^^^^^^^^^^^^^^^^^^^^^^^^^^^^^^^^^
  File "/Users/atharvnaphade/Code/Research/creativity/repo/sampling-limits-neurips/scripts/../src/models/api_model.py", line 73, in generate
    raise last_error or Exception("Unknown API error")
  File "/Users/atharvnaphade/Code/Research/creativity/repo/sampling-limits-neurips/scripts/../src/models/api_model.py", line 49, in generate
    response.raise_for_status()
  File "/Users/atharvnaphade/Code/Research/creativity/repo/sampling-limits-neurips/.venv/lib/python3.12/site-packages/requests/models.py", line 1026, in raise_for_status
    raise HTTPError(http_error_msg, response=self)
requests.exceptions.HTTPError: 400 Client Error: Bad Request for url: https://openrouter.ai/api/v1/chat/completions
[2026-01-01 02:17:17,794][__main__][ERROR] - Error processing item 41: 400 Client Error: Bad Request for url: https://openrouter.ai/api/v1/chat/completions
Traceback (most recent call last):
  File "/Users/atharvnaphade/Code/Research/creativity/repo/sampling-limits-neurips/scripts/run_experiment.py", line 37, in process_item
    output, prompt_used = run_sampling(model, prompt, cfg.method)
                          ^^^^^^^^^^^^^^^^^^^^^^^^^^^^^^^^^^^^^^^
  File "/Users/atharvnaphade/Code/Research/creativity/repo/sampling-limits-neurips/scripts/../src/sampling/engine.py", line 20, in run_sampling
    return model.generate(prompt_used, **method_config), prompt_used
           ^^^^^^^^^^^^^^^^^^^^^^^^^^^^^^^^^^^^^^^^^^^^
  File "/Users/atharvnaphade/Code/Research/creativity/repo/sampling-limits-neurips/scripts/../src/models/api_model.py", line 73, in generate
    raise last_error or Exception("Unknown API error")
  File "/Users/atharvnaphade/Code/Research/creativity/repo/sampling-limits-neurips/scripts/../src/models/api_model.py", line 49, in generate
    response.raise_for_status()
  File "/Users/atharvnaphade/Code/Research/creativity/repo/sampling-limits-neurips/.venv/lib/python3.12/site-packages/requests/models.py", line 1026, in raise_for_status
    raise HTTPError(http_error_msg, response=self)
requests.exceptions.HTTPError: 400 Client Error: Bad Request for url: https://openrouter.ai/api/v1/chat/completions
[2026-01-01 02:17:17,795][__main__][ERROR] - Error processing item 37: 400 Client Error: Bad Request for url: https://openrouter.ai/api/v1/chat/completions
Traceback (most recent call last):
  File "/Users/atharvnaphade/Code/Research/creativity/repo/sampling-limits-neurips/scripts/run_experiment.py", line 37, in process_item
    output, prompt_used = run_sampling(model, prompt, cfg.method)
                          ^^^^^^^^^^^^^^^^^^^^^^^^^^^^^^^^^^^^^^^
  File "/Users/atharvnaphade/Code/Research/creativity/repo/sampling-limits-neurips/scripts/../src/sampling/engine.py", line 20, in run_sampling
    return model.generate(prompt_used, **method_config), prompt_used
           ^^^^^^^^^^^^^^^^^^^^^^^^^^^^^^^^^^^^^^^^^^^^
  File "/Users/atharvnaphade/Code/Research/creativity/repo/sampling-limits-neurips/scripts/../src/models/api_model.py", line 73, in generate
    raise last_error or Exception("Unknown API error")
  File "/Users/atharvnaphade/Code/Research/creativity/repo/sampling-limits-neurips/scripts/../src/models/api_model.py", line 49, in generate
    response.raise_for_status()
  File "/Users/atharvnaphade/Code/Research/creativity/repo/sampling-limits-neurips/.venv/lib/python3.12/site-packages/requests/models.py", line 1026, in raise_for_status
    raise HTTPError(http_error_msg, response=self)
requests.exceptions.HTTPError: 400 Client Error: Bad Request for url: https://openrouter.ai/api/v1/chat/completions
[2026-01-01 02:17:17,797][__main__][ERROR] - Error processing item 47: 400 Client Error: Bad Request for url: https://openrouter.ai/api/v1/chat/completions
Traceback (most recent call last):
  File "/Users/atharvnaphade/Code/Research/creativity/repo/sampling-limits-neurips/scripts/run_experiment.py", line 37, in process_item
    output, prompt_used = run_sampling(model, prompt, cfg.method)
                          ^^^^^^^^^^^^^^^^^^^^^^^^^^^^^^^^^^^^^^^
  File "/Users/atharvnaphade/Code/Research/creativity/repo/sampling-limits-neurips/scripts/../src/sampling/engine.py", line 20, in run_sampling
    return model.generate(prompt_used, **method_config), prompt_used
           ^^^^^^^^^^^^^^^^^^^^^^^^^^^^^^^^^^^^^^^^^^^^
  File "/Users/atharvnaphade/Code/Research/creativity/repo/sampling-limits-neurips/scripts/../src/models/api_model.py", line 73, in generate
    raise last_error or Exception("Unknown API error")
  File "/Users/atharvnaphade/Code/Research/creativity/repo/sampling-limits-neurips/scripts/../src/models/api_model.py", line 49, in generate
    response.raise_for_status()
  File "/Users/atharvnaphade/Code/Research/creativity/repo/sampling-limits-neurips/.venv/lib/python3.12/site-packages/requests/models.py", line 1026, in raise_for_status
    raise HTTPError(http_error_msg, response=self)
requests.exceptions.HTTPError: 400 Client Error: Bad Request for url: https://openrouter.ai/api/v1/chat/completions
[2026-01-01 02:17:17,798][__main__][ERROR] - Error processing item 27: 400 Client Error: Bad Request for url: https://openrouter.ai/api/v1/chat/completions
Traceback (most recent call last):
  File "/Users/atharvnaphade/Code/Research/creativity/repo/sampling-limits-neurips/scripts/run_experiment.py", line 37, in process_item
    output, prompt_used = run_sampling(model, prompt, cfg.method)
                          ^^^^^^^^^^^^^^^^^^^^^^^^^^^^^^^^^^^^^^^
  File "/Users/atharvnaphade/Code/Research/creativity/repo/sampling-limits-neurips/scripts/../src/sampling/engine.py", line 20, in run_sampling
    return model.generate(prompt_used, **method_config), prompt_used
           ^^^^^^^^^^^^^^^^^^^^^^^^^^^^^^^^^^^^^^^^^^^^
  File "/Users/atharvnaphade/Code/Research/creativity/repo/sampling-limits-neurips/scripts/../src/models/api_model.py", line 73, in generate
    raise last_error or Exception("Unknown API error")
  File "/Users/atharvnaphade/Code/Research/creativity/repo/sampling-limits-neurips/scripts/../src/models/api_model.py", line 49, in generate
    response.raise_for_status()
  File "/Users/atharvnaphade/Code/Research/creativity/repo/sampling-limits-neurips/.venv/lib/python3.12/site-packages/requests/models.py", line 1026, in raise_for_status
    raise HTTPError(http_error_msg, response=self)
requests.exceptions.HTTPError: 400 Client Error: Bad Request for url: https://openrouter.ai/api/v1/chat/completions
[2026-01-01 02:17:17,799][__main__][ERROR] - Error processing item 42: 400 Client Error: Bad Request for url: https://openrouter.ai/api/v1/chat/completions
Traceback (most recent call last):
  File "/Users/atharvnaphade/Code/Research/creativity/repo/sampling-limits-neurips/scripts/run_experiment.py", line 37, in process_item
    output, prompt_used = run_sampling(model, prompt, cfg.method)
                          ^^^^^^^^^^^^^^^^^^^^^^^^^^^^^^^^^^^^^^^
  File "/Users/atharvnaphade/Code/Research/creativity/repo/sampling-limits-neurips/scripts/../src/sampling/engine.py", line 20, in run_sampling
    return model.generate(prompt_used, **method_config), prompt_used
           ^^^^^^^^^^^^^^^^^^^^^^^^^^^^^^^^^^^^^^^^^^^^
  File "/Users/atharvnaphade/Code/Research/creativity/repo/sampling-limits-neurips/scripts/../src/models/api_model.py", line 73, in generate
    raise last_error or Exception("Unknown API error")
  File "/Users/atharvnaphade/Code/Research/creativity/repo/sampling-limits-neurips/scripts/../src/models/api_model.py", line 49, in generate
    response.raise_for_status()
  File "/Users/atharvnaphade/Code/Research/creativity/repo/sampling-limits-neurips/.venv/lib/python3.12/site-packages/requests/models.py", line 1026, in raise_for_status
    raise HTTPError(http_error_msg, response=self)
requests.exceptions.HTTPError: 400 Client Error: Bad Request for url: https://openrouter.ai/api/v1/chat/completions
[2026-01-01 02:17:17,801][__main__][ERROR] - Error processing item 45: 400 Client Error: Bad Request for url: https://openrouter.ai/api/v1/chat/completions
Traceback (most recent call last):
  File "/Users/atharvnaphade/Code/Research/creativity/repo/sampling-limits-neurips/scripts/run_experiment.py", line 37, in process_item
    output, prompt_used = run_sampling(model, prompt, cfg.method)
                          ^^^^^^^^^^^^^^^^^^^^^^^^^^^^^^^^^^^^^^^
  File "/Users/atharvnaphade/Code/Research/creativity/repo/sampling-limits-neurips/scripts/../src/sampling/engine.py", line 20, in run_sampling
    return model.generate(prompt_used, **method_config), prompt_used
           ^^^^^^^^^^^^^^^^^^^^^^^^^^^^^^^^^^^^^^^^^^^^
  File "/Users/atharvnaphade/Code/Research/creativity/repo/sampling-limits-neurips/scripts/../src/models/api_model.py", line 73, in generate
    raise last_error or Exception("Unknown API error")
  File "/Users/atharvnaphade/Code/Research/creativity/repo/sampling-limits-neurips/scripts/../src/models/api_model.py", line 49, in generate
    response.raise_for_status()
  File "/Users/atharvnaphade/Code/Research/creativity/repo/sampling-limits-neurips/.venv/lib/python3.12/site-packages/requests/models.py", line 1026, in raise_for_status
    raise HTTPError(http_error_msg, response=self)
requests.exceptions.HTTPError: 400 Client Error: Bad Request for url: https://openrouter.ai/api/v1/chat/completions
[2026-01-01 02:17:17,802][__main__][ERROR] - Error processing item 24: 400 Client Error: Bad Request for url: https://openrouter.ai/api/v1/chat/completions
Traceback (most recent call last):
  File "/Users/atharvnaphade/Code/Research/creativity/repo/sampling-limits-neurips/scripts/run_experiment.py", line 37, in process_item
    output, prompt_used = run_sampling(model, prompt, cfg.method)
                          ^^^^^^^^^^^^^^^^^^^^^^^^^^^^^^^^^^^^^^^
  File "/Users/atharvnaphade/Code/Research/creativity/repo/sampling-limits-neurips/scripts/../src/sampling/engine.py", line 20, in run_sampling
    return model.generate(prompt_used, **method_config), prompt_used
           ^^^^^^^^^^^^^^^^^^^^^^^^^^^^^^^^^^^^^^^^^^^^
  File "/Users/atharvnaphade/Code/Research/creativity/repo/sampling-limits-neurips/scripts/../src/models/api_model.py", line 73, in generate
    raise last_error or Exception("Unknown API error")
  File "/Users/atharvnaphade/Code/Research/creativity/repo/sampling-limits-neurips/scripts/../src/models/api_model.py", line 49, in generate
    response.raise_for_status()
  File "/Users/atharvnaphade/Code/Research/creativity/repo/sampling-limits-neurips/.venv/lib/python3.12/site-packages/requests/models.py", line 1026, in raise_for_status
    raise HTTPError(http_error_msg, response=self)
requests.exceptions.HTTPError: 400 Client Error: Bad Request for url: https://openrouter.ai/api/v1/chat/completions
[2026-01-01 02:17:17,804][__main__][ERROR] - Error processing item 12: 400 Client Error: Bad Request for url: https://openrouter.ai/api/v1/chat/completions
Traceback (most recent call last):
  File "/Users/atharvnaphade/Code/Research/creativity/repo/sampling-limits-neurips/scripts/run_experiment.py", line 37, in process_item
    output, prompt_used = run_sampling(model, prompt, cfg.method)
                          ^^^^^^^^^^^^^^^^^^^^^^^^^^^^^^^^^^^^^^^
  File "/Users/atharvnaphade/Code/Research/creativity/repo/sampling-limits-neurips/scripts/../src/sampling/engine.py", line 20, in run_sampling
    return model.generate(prompt_used, **method_config), prompt_used
           ^^^^^^^^^^^^^^^^^^^^^^^^^^^^^^^^^^^^^^^^^^^^
  File "/Users/atharvnaphade/Code/Research/creativity/repo/sampling-limits-neurips/scripts/../src/models/api_model.py", line 73, in generate
    raise last_error or Exception("Unknown API error")
  File "/Users/atharvnaphade/Code/Research/creativity/repo/sampling-limits-neurips/scripts/../src/models/api_model.py", line 49, in generate
    response.raise_for_status()
  File "/Users/atharvnaphade/Code/Research/creativity/repo/sampling-limits-neurips/.venv/lib/python3.12/site-packages/requests/models.py", line 1026, in raise_for_status
    raise HTTPError(http_error_msg, response=self)
requests.exceptions.HTTPError: 400 Client Error: Bad Request for url: https://openrouter.ai/api/v1/chat/completions
[2026-01-01 02:17:17,952][__main__][ERROR] - Error processing item 46: 400 Client Error: Bad Request for url: https://openrouter.ai/api/v1/chat/completions
Traceback (most recent call last):
  File "/Users/atharvnaphade/Code/Research/creativity/repo/sampling-limits-neurips/scripts/run_experiment.py", line 37, in process_item
    output, prompt_used = run_sampling(model, prompt, cfg.method)
                          ^^^^^^^^^^^^^^^^^^^^^^^^^^^^^^^^^^^^^^^
  File "/Users/atharvnaphade/Code/Research/creativity/repo/sampling-limits-neurips/scripts/../src/sampling/engine.py", line 20, in run_sampling
    return model.generate(prompt_used, **method_config), prompt_used
           ^^^^^^^^^^^^^^^^^^^^^^^^^^^^^^^^^^^^^^^^^^^^
  File "/Users/atharvnaphade/Code/Research/creativity/repo/sampling-limits-neurips/scripts/../src/models/api_model.py", line 73, in generate
    raise last_error or Exception("Unknown API error")
  File "/Users/atharvnaphade/Code/Research/creativity/repo/sampling-limits-neurips/scripts/../src/models/api_model.py", line 49, in generate
    response.raise_for_status()
  File "/Users/atharvnaphade/Code/Research/creativity/repo/sampling-limits-neurips/.venv/lib/python3.12/site-packages/requests/models.py", line 1026, in raise_for_status
    raise HTTPError(http_error_msg, response=self)
requests.exceptions.HTTPError: 400 Client Error: Bad Request for url: https://openrouter.ai/api/v1/chat/completions
[2026-01-01 02:17:18,304][__main__][ERROR] - Error processing item 4: 400 Client Error: Bad Request for url: https://openrouter.ai/api/v1/chat/completions
Traceback (most recent call last):
  File "/Users/atharvnaphade/Code/Research/creativity/repo/sampling-limits-neurips/scripts/run_experiment.py", line 37, in process_item
    output, prompt_used = run_sampling(model, prompt, cfg.method)
                          ^^^^^^^^^^^^^^^^^^^^^^^^^^^^^^^^^^^^^^^
  File "/Users/atharvnaphade/Code/Research/creativity/repo/sampling-limits-neurips/scripts/../src/sampling/engine.py", line 20, in run_sampling
    return model.generate(prompt_used, **method_config), prompt_used
           ^^^^^^^^^^^^^^^^^^^^^^^^^^^^^^^^^^^^^^^^^^^^
  File "/Users/atharvnaphade/Code/Research/creativity/repo/sampling-limits-neurips/scripts/../src/models/api_model.py", line 73, in generate
    raise last_error or Exception("Unknown API error")
  File "/Users/atharvnaphade/Code/Research/creativity/repo/sampling-limits-neurips/scripts/../src/models/api_model.py", line 49, in generate
    response.raise_for_status()
  File "/Users/atharvnaphade/Code/Research/creativity/repo/sampling-limits-neurips/.venv/lib/python3.12/site-packages/requests/models.py", line 1026, in raise_for_status
    raise HTTPError(http_error_msg, response=self)
requests.exceptions.HTTPError: 400 Client Error: Bad Request for url: https://openrouter.ai/api/v1/chat/completions
[2026-01-01 02:17:20,961][__main__][ERROR] - Error processing item 55: 400 Client Error: Bad Request for url: https://openrouter.ai/api/v1/chat/completions
Traceback (most recent call last):
  File "/Users/atharvnaphade/Code/Research/creativity/repo/sampling-limits-neurips/scripts/run_experiment.py", line 37, in process_item
    output, prompt_used = run_sampling(model, prompt, cfg.method)
                          ^^^^^^^^^^^^^^^^^^^^^^^^^^^^^^^^^^^^^^^
  File "/Users/atharvnaphade/Code/Research/creativity/repo/sampling-limits-neurips/scripts/../src/sampling/engine.py", line 20, in run_sampling
    return model.generate(prompt_used, **method_config), prompt_used
           ^^^^^^^^^^^^^^^^^^^^^^^^^^^^^^^^^^^^^^^^^^^^
  File "/Users/atharvnaphade/Code/Research/creativity/repo/sampling-limits-neurips/scripts/../src/models/api_model.py", line 73, in generate
    raise last_error or Exception("Unknown API error")
  File "/Users/atharvnaphade/Code/Research/creativity/repo/sampling-limits-neurips/scripts/../src/models/api_model.py", line 49, in generate
    response.raise_for_status()
  File "/Users/atharvnaphade/Code/Research/creativity/repo/sampling-limits-neurips/.venv/lib/python3.12/site-packages/requests/models.py", line 1026, in raise_for_status
    raise HTTPError(http_error_msg, response=self)
requests.exceptions.HTTPError: 400 Client Error: Bad Request for url: https://openrouter.ai/api/v1/chat/completions
[2026-01-01 02:17:20,963][__main__][ERROR] - Error processing item 57: 400 Client Error: Bad Request for url: https://openrouter.ai/api/v1/chat/completions
Traceback (most recent call last):
  File "/Users/atharvnaphade/Code/Research/creativity/repo/sampling-limits-neurips/scripts/run_experiment.py", line 37, in process_item
    output, prompt_used = run_sampling(model, prompt, cfg.method)
                          ^^^^^^^^^^^^^^^^^^^^^^^^^^^^^^^^^^^^^^^
  File "/Users/atharvnaphade/Code/Research/creativity/repo/sampling-limits-neurips/scripts/../src/sampling/engine.py", line 20, in run_sampling
    return model.generate(prompt_used, **method_config), prompt_used
           ^^^^^^^^^^^^^^^^^^^^^^^^^^^^^^^^^^^^^^^^^^^^
  File "/Users/atharvnaphade/Code/Research/creativity/repo/sampling-limits-neurips/scripts/../src/models/api_model.py", line 73, in generate
    raise last_error or Exception("Unknown API error")
  File "/Users/atharvnaphade/Code/Research/creativity/repo/sampling-limits-neurips/scripts/../src/models/api_model.py", line 49, in generate
    response.raise_for_status()
  File "/Users/atharvnaphade/Code/Research/creativity/repo/sampling-limits-neurips/.venv/lib/python3.12/site-packages/requests/models.py", line 1026, in raise_for_status
    raise HTTPError(http_error_msg, response=self)
requests.exceptions.HTTPError: 400 Client Error: Bad Request for url: https://openrouter.ai/api/v1/chat/completions
[2026-01-01 02:17:20,973][__main__][ERROR] - Error processing item 52: 400 Client Error: Bad Request for url: https://openrouter.ai/api/v1/chat/completions
Traceback (most recent call last):
  File "/Users/atharvnaphade/Code/Research/creativity/repo/sampling-limits-neurips/scripts/run_experiment.py", line 37, in process_item
    output, prompt_used = run_sampling(model, prompt, cfg.method)
                          ^^^^^^^^^^^^^^^^^^^^^^^^^^^^^^^^^^^^^^^
  File "/Users/atharvnaphade/Code/Research/creativity/repo/sampling-limits-neurips/scripts/../src/sampling/engine.py", line 20, in run_sampling
    return model.generate(prompt_used, **method_config), prompt_used
           ^^^^^^^^^^^^^^^^^^^^^^^^^^^^^^^^^^^^^^^^^^^^
  File "/Users/atharvnaphade/Code/Research/creativity/repo/sampling-limits-neurips/scripts/../src/models/api_model.py", line 73, in generate
    raise last_error or Exception("Unknown API error")
  File "/Users/atharvnaphade/Code/Research/creativity/repo/sampling-limits-neurips/scripts/../src/models/api_model.py", line 49, in generate
    response.raise_for_status()
  File "/Users/atharvnaphade/Code/Research/creativity/repo/sampling-limits-neurips/.venv/lib/python3.12/site-packages/requests/models.py", line 1026, in raise_for_status
    raise HTTPError(http_error_msg, response=self)
requests.exceptions.HTTPError: 400 Client Error: Bad Request for url: https://openrouter.ai/api/v1/chat/completions
[2026-01-01 02:17:20,975][__main__][ERROR] - Error processing item 51: 400 Client Error: Bad Request for url: https://openrouter.ai/api/v1/chat/completions
Traceback (most recent call last):
  File "/Users/atharvnaphade/Code/Research/creativity/repo/sampling-limits-neurips/scripts/run_experiment.py", line 37, in process_item
    output, prompt_used = run_sampling(model, prompt, cfg.method)
                          ^^^^^^^^^^^^^^^^^^^^^^^^^^^^^^^^^^^^^^^
  File "/Users/atharvnaphade/Code/Research/creativity/repo/sampling-limits-neurips/scripts/../src/sampling/engine.py", line 20, in run_sampling
    return model.generate(prompt_used, **method_config), prompt_used
           ^^^^^^^^^^^^^^^^^^^^^^^^^^^^^^^^^^^^^^^^^^^^
  File "/Users/atharvnaphade/Code/Research/creativity/repo/sampling-limits-neurips/scripts/../src/models/api_model.py", line 73, in generate
    raise last_error or Exception("Unknown API error")
  File "/Users/atharvnaphade/Code/Research/creativity/repo/sampling-limits-neurips/scripts/../src/models/api_model.py", line 49, in generate
    response.raise_for_status()
  File "/Users/atharvnaphade/Code/Research/creativity/repo/sampling-limits-neurips/.venv/lib/python3.12/site-packages/requests/models.py", line 1026, in raise_for_status
    raise HTTPError(http_error_msg, response=self)
requests.exceptions.HTTPError: 400 Client Error: Bad Request for url: https://openrouter.ai/api/v1/chat/completions
[2026-01-01 02:17:39,559][__main__][ERROR] - Error processing item 58: 400 Client Error: Bad Request for url: https://openrouter.ai/api/v1/chat/completions
Traceback (most recent call last):
  File "/Users/atharvnaphade/Code/Research/creativity/repo/sampling-limits-neurips/scripts/run_experiment.py", line 37, in process_item
    output, prompt_used = run_sampling(model, prompt, cfg.method)
                          ^^^^^^^^^^^^^^^^^^^^^^^^^^^^^^^^^^^^^^^
  File "/Users/atharvnaphade/Code/Research/creativity/repo/sampling-limits-neurips/scripts/../src/sampling/engine.py", line 20, in run_sampling
    return model.generate(prompt_used, **method_config), prompt_used
           ^^^^^^^^^^^^^^^^^^^^^^^^^^^^^^^^^^^^^^^^^^^^
  File "/Users/atharvnaphade/Code/Research/creativity/repo/sampling-limits-neurips/scripts/../src/models/api_model.py", line 73, in generate
    raise last_error or Exception("Unknown API error")
  File "/Users/atharvnaphade/Code/Research/creativity/repo/sampling-limits-neurips/scripts/../src/models/api_model.py", line 49, in generate
    response.raise_for_status()
  File "/Users/atharvnaphade/Code/Research/creativity/repo/sampling-limits-neurips/.venv/lib/python3.12/site-packages/requests/models.py", line 1026, in raise_for_status
    raise HTTPError(http_error_msg, response=self)
requests.exceptions.HTTPError: 400 Client Error: Bad Request for url: https://openrouter.ai/api/v1/chat/completions
[2026-01-01 02:17:39,561][__main__][ERROR] - Error processing item 54: 400 Client Error: Bad Request for url: https://openrouter.ai/api/v1/chat/completions
Traceback (most recent call last):
  File "/Users/atharvnaphade/Code/Research/creativity/repo/sampling-limits-neurips/scripts/run_experiment.py", line 37, in process_item
    output, prompt_used = run_sampling(model, prompt, cfg.method)
                          ^^^^^^^^^^^^^^^^^^^^^^^^^^^^^^^^^^^^^^^
  File "/Users/atharvnaphade/Code/Research/creativity/repo/sampling-limits-neurips/scripts/../src/sampling/engine.py", line 20, in run_sampling
    return model.generate(prompt_used, **method_config), prompt_used
           ^^^^^^^^^^^^^^^^^^^^^^^^^^^^^^^^^^^^^^^^^^^^
  File "/Users/atharvnaphade/Code/Research/creativity/repo/sampling-limits-neurips/scripts/../src/models/api_model.py", line 73, in generate
    raise last_error or Exception("Unknown API error")
  File "/Users/atharvnaphade/Code/Research/creativity/repo/sampling-limits-neurips/scripts/../src/models/api_model.py", line 49, in generate
    response.raise_for_status()
  File "/Users/atharvnaphade/Code/Research/creativity/repo/sampling-limits-neurips/.venv/lib/python3.12/site-packages/requests/models.py", line 1026, in raise_for_status
    raise HTTPError(http_error_msg, response=self)
requests.exceptions.HTTPError: 400 Client Error: Bad Request for url: https://openrouter.ai/api/v1/chat/completions
[2026-01-01 02:17:39,563][__main__][ERROR] - Error processing item 56: 400 Client Error: Bad Request for url: https://openrouter.ai/api/v1/chat/completions
Traceback (most recent call last):
  File "/Users/atharvnaphade/Code/Research/creativity/repo/sampling-limits-neurips/scripts/run_experiment.py", line 37, in process_item
    output, prompt_used = run_sampling(model, prompt, cfg.method)
                          ^^^^^^^^^^^^^^^^^^^^^^^^^^^^^^^^^^^^^^^
  File "/Users/atharvnaphade/Code/Research/creativity/repo/sampling-limits-neurips/scripts/../src/sampling/engine.py", line 20, in run_sampling
    return model.generate(prompt_used, **method_config), prompt_used
           ^^^^^^^^^^^^^^^^^^^^^^^^^^^^^^^^^^^^^^^^^^^^
  File "/Users/atharvnaphade/Code/Research/creativity/repo/sampling-limits-neurips/scripts/../src/models/api_model.py", line 73, in generate
    raise last_error or Exception("Unknown API error")
  File "/Users/atharvnaphade/Code/Research/creativity/repo/sampling-limits-neurips/scripts/../src/models/api_model.py", line 49, in generate
    response.raise_for_status()
  File "/Users/atharvnaphade/Code/Research/creativity/repo/sampling-limits-neurips/.venv/lib/python3.12/site-packages/requests/models.py", line 1026, in raise_for_status
    raise HTTPError(http_error_msg, response=self)
requests.exceptions.HTTPError: 400 Client Error: Bad Request for url: https://openrouter.ai/api/v1/chat/completions
[2026-01-01 02:17:39,566][__main__][ERROR] - Error processing item 73: 400 Client Error: Bad Request for url: https://openrouter.ai/api/v1/chat/completions
Traceback (most recent call last):
  File "/Users/atharvnaphade/Code/Research/creativity/repo/sampling-limits-neurips/scripts/run_experiment.py", line 37, in process_item
    output, prompt_used = run_sampling(model, prompt, cfg.method)
                          ^^^^^^^^^^^^^^^^^^^^^^^^^^^^^^^^^^^^^^^
  File "/Users/atharvnaphade/Code/Research/creativity/repo/sampling-limits-neurips/scripts/../src/sampling/engine.py", line 20, in run_sampling
    return model.generate(prompt_used, **method_config), prompt_used
           ^^^^^^^^^^^^^^^^^^^^^^^^^^^^^^^^^^^^^^^^^^^^
  File "/Users/atharvnaphade/Code/Research/creativity/repo/sampling-limits-neurips/scripts/../src/models/api_model.py", line 73, in generate
    raise last_error or Exception("Unknown API error")
  File "/Users/atharvnaphade/Code/Research/creativity/repo/sampling-limits-neurips/scripts/../src/models/api_model.py", line 49, in generate
    response.raise_for_status()
  File "/Users/atharvnaphade/Code/Research/creativity/repo/sampling-limits-neurips/.venv/lib/python3.12/site-packages/requests/models.py", line 1026, in raise_for_status
    raise HTTPError(http_error_msg, response=self)
requests.exceptions.HTTPError: 400 Client Error: Bad Request for url: https://openrouter.ai/api/v1/chat/completions
[2026-01-01 02:17:39,568][__main__][ERROR] - Error processing item 78: 400 Client Error: Bad Request for url: https://openrouter.ai/api/v1/chat/completions
Traceback (most recent call last):
  File "/Users/atharvnaphade/Code/Research/creativity/repo/sampling-limits-neurips/scripts/run_experiment.py", line 37, in process_item
    output, prompt_used = run_sampling(model, prompt, cfg.method)
                          ^^^^^^^^^^^^^^^^^^^^^^^^^^^^^^^^^^^^^^^
  File "/Users/atharvnaphade/Code/Research/creativity/repo/sampling-limits-neurips/scripts/../src/sampling/engine.py", line 20, in run_sampling
    return model.generate(prompt_used, **method_config), prompt_used
           ^^^^^^^^^^^^^^^^^^^^^^^^^^^^^^^^^^^^^^^^^^^^
  File "/Users/atharvnaphade/Code/Research/creativity/repo/sampling-limits-neurips/scripts/../src/models/api_model.py", line 73, in generate
    raise last_error or Exception("Unknown API error")
  File "/Users/atharvnaphade/Code/Research/creativity/repo/sampling-limits-neurips/scripts/../src/models/api_model.py", line 49, in generate
    response.raise_for_status()
  File "/Users/atharvnaphade/Code/Research/creativity/repo/sampling-limits-neurips/.venv/lib/python3.12/site-packages/requests/models.py", line 1026, in raise_for_status
    raise HTTPError(http_error_msg, response=self)
requests.exceptions.HTTPError: 400 Client Error: Bad Request for url: https://openrouter.ai/api/v1/chat/completions
[2026-01-01 02:17:39,570][__main__][ERROR] - Error processing item 93: 400 Client Error: Bad Request for url: https://openrouter.ai/api/v1/chat/completions
Traceback (most recent call last):
  File "/Users/atharvnaphade/Code/Research/creativity/repo/sampling-limits-neurips/scripts/run_experiment.py", line 37, in process_item
    output, prompt_used = run_sampling(model, prompt, cfg.method)
                          ^^^^^^^^^^^^^^^^^^^^^^^^^^^^^^^^^^^^^^^
  File "/Users/atharvnaphade/Code/Research/creativity/repo/sampling-limits-neurips/scripts/../src/sampling/engine.py", line 20, in run_sampling
    return model.generate(prompt_used, **method_config), prompt_used
           ^^^^^^^^^^^^^^^^^^^^^^^^^^^^^^^^^^^^^^^^^^^^
  File "/Users/atharvnaphade/Code/Research/creativity/repo/sampling-limits-neurips/scripts/../src/models/api_model.py", line 73, in generate
    raise last_error or Exception("Unknown API error")
  File "/Users/atharvnaphade/Code/Research/creativity/repo/sampling-limits-neurips/scripts/../src/models/api_model.py", line 49, in generate
    response.raise_for_status()
  File "/Users/atharvnaphade/Code/Research/creativity/repo/sampling-limits-neurips/.venv/lib/python3.12/site-packages/requests/models.py", line 1026, in raise_for_status
    raise HTTPError(http_error_msg, response=self)
requests.exceptions.HTTPError: 400 Client Error: Bad Request for url: https://openrouter.ai/api/v1/chat/completions
[2026-01-01 02:17:39,572][__main__][ERROR] - Error processing item 87: 400 Client Error: Bad Request for url: https://openrouter.ai/api/v1/chat/completions
Traceback (most recent call last):
  File "/Users/atharvnaphade/Code/Research/creativity/repo/sampling-limits-neurips/scripts/run_experiment.py", line 37, in process_item
    output, prompt_used = run_sampling(model, prompt, cfg.method)
                          ^^^^^^^^^^^^^^^^^^^^^^^^^^^^^^^^^^^^^^^
  File "/Users/atharvnaphade/Code/Research/creativity/repo/sampling-limits-neurips/scripts/../src/sampling/engine.py", line 20, in run_sampling
    return model.generate(prompt_used, **method_config), prompt_used
           ^^^^^^^^^^^^^^^^^^^^^^^^^^^^^^^^^^^^^^^^^^^^
  File "/Users/atharvnaphade/Code/Research/creativity/repo/sampling-limits-neurips/scripts/../src/models/api_model.py", line 73, in generate
    raise last_error or Exception("Unknown API error")
  File "/Users/atharvnaphade/Code/Research/creativity/repo/sampling-limits-neurips/scripts/../src/models/api_model.py", line 49, in generate
    response.raise_for_status()
  File "/Users/atharvnaphade/Code/Research/creativity/repo/sampling-limits-neurips/.venv/lib/python3.12/site-packages/requests/models.py", line 1026, in raise_for_status
    raise HTTPError(http_error_msg, response=self)
requests.exceptions.HTTPError: 400 Client Error: Bad Request for url: https://openrouter.ai/api/v1/chat/completions
[2026-01-01 02:17:39,573][__main__][ERROR] - Error processing item 95: 400 Client Error: Bad Request for url: https://openrouter.ai/api/v1/chat/completions
Traceback (most recent call last):
  File "/Users/atharvnaphade/Code/Research/creativity/repo/sampling-limits-neurips/scripts/run_experiment.py", line 37, in process_item
    output, prompt_used = run_sampling(model, prompt, cfg.method)
                          ^^^^^^^^^^^^^^^^^^^^^^^^^^^^^^^^^^^^^^^
  File "/Users/atharvnaphade/Code/Research/creativity/repo/sampling-limits-neurips/scripts/../src/sampling/engine.py", line 20, in run_sampling
    return model.generate(prompt_used, **method_config), prompt_used
           ^^^^^^^^^^^^^^^^^^^^^^^^^^^^^^^^^^^^^^^^^^^^
  File "/Users/atharvnaphade/Code/Research/creativity/repo/sampling-limits-neurips/scripts/../src/models/api_model.py", line 73, in generate
    raise last_error or Exception("Unknown API error")
  File "/Users/atharvnaphade/Code/Research/creativity/repo/sampling-limits-neurips/scripts/../src/models/api_model.py", line 49, in generate
    response.raise_for_status()
  File "/Users/atharvnaphade/Code/Research/creativity/repo/sampling-limits-neurips/.venv/lib/python3.12/site-packages/requests/models.py", line 1026, in raise_for_status
    raise HTTPError(http_error_msg, response=self)
requests.exceptions.HTTPError: 400 Client Error: Bad Request for url: https://openrouter.ai/api/v1/chat/completions
[2026-01-01 02:17:39,575][__main__][ERROR] - Error processing item 98: 400 Client Error: Bad Request for url: https://openrouter.ai/api/v1/chat/completions
Traceback (most recent call last):
  File "/Users/atharvnaphade/Code/Research/creativity/repo/sampling-limits-neurips/scripts/run_experiment.py", line 37, in process_item
    output, prompt_used = run_sampling(model, prompt, cfg.method)
                          ^^^^^^^^^^^^^^^^^^^^^^^^^^^^^^^^^^^^^^^
  File "/Users/atharvnaphade/Code/Research/creativity/repo/sampling-limits-neurips/scripts/../src/sampling/engine.py", line 20, in run_sampling
    return model.generate(prompt_used, **method_config), prompt_used
           ^^^^^^^^^^^^^^^^^^^^^^^^^^^^^^^^^^^^^^^^^^^^
  File "/Users/atharvnaphade/Code/Research/creativity/repo/sampling-limits-neurips/scripts/../src/models/api_model.py", line 73, in generate
    raise last_error or Exception("Unknown API error")
  File "/Users/atharvnaphade/Code/Research/creativity/repo/sampling-limits-neurips/scripts/../src/models/api_model.py", line 49, in generate
    response.raise_for_status()
  File "/Users/atharvnaphade/Code/Research/creativity/repo/sampling-limits-neurips/.venv/lib/python3.12/site-packages/requests/models.py", line 1026, in raise_for_status
    raise HTTPError(http_error_msg, response=self)
requests.exceptions.HTTPError: 400 Client Error: Bad Request for url: https://openrouter.ai/api/v1/chat/completions
[2026-01-01 02:17:39,576][__main__][ERROR] - Error processing item 74: 400 Client Error: Bad Request for url: https://openrouter.ai/api/v1/chat/completions
Traceback (most recent call last):
  File "/Users/atharvnaphade/Code/Research/creativity/repo/sampling-limits-neurips/scripts/run_experiment.py", line 37, in process_item
    output, prompt_used = run_sampling(model, prompt, cfg.method)
                          ^^^^^^^^^^^^^^^^^^^^^^^^^^^^^^^^^^^^^^^
  File "/Users/atharvnaphade/Code/Research/creativity/repo/sampling-limits-neurips/scripts/../src/sampling/engine.py", line 20, in run_sampling
    return model.generate(prompt_used, **method_config), prompt_used
           ^^^^^^^^^^^^^^^^^^^^^^^^^^^^^^^^^^^^^^^^^^^^
  File "/Users/atharvnaphade/Code/Research/creativity/repo/sampling-limits-neurips/scripts/../src/models/api_model.py", line 73, in generate
    raise last_error or Exception("Unknown API error")
  File "/Users/atharvnaphade/Code/Research/creativity/repo/sampling-limits-neurips/scripts/../src/models/api_model.py", line 49, in generate
    response.raise_for_status()
  File "/Users/atharvnaphade/Code/Research/creativity/repo/sampling-limits-neurips/.venv/lib/python3.12/site-packages/requests/models.py", line 1026, in raise_for_status
    raise HTTPError(http_error_msg, response=self)
requests.exceptions.HTTPError: 400 Client Error: Bad Request for url: https://openrouter.ai/api/v1/chat/completions
[2026-01-01 02:17:39,578][__main__][ERROR] - Error processing item 59: 400 Client Error: Bad Request for url: https://openrouter.ai/api/v1/chat/completions
Traceback (most recent call last):
  File "/Users/atharvnaphade/Code/Research/creativity/repo/sampling-limits-neurips/scripts/run_experiment.py", line 37, in process_item
    output, prompt_used = run_sampling(model, prompt, cfg.method)
                          ^^^^^^^^^^^^^^^^^^^^^^^^^^^^^^^^^^^^^^^
  File "/Users/atharvnaphade/Code/Research/creativity/repo/sampling-limits-neurips/scripts/../src/sampling/engine.py", line 20, in run_sampling
    return model.generate(prompt_used, **method_config), prompt_used
           ^^^^^^^^^^^^^^^^^^^^^^^^^^^^^^^^^^^^^^^^^^^^
  File "/Users/atharvnaphade/Code/Research/creativity/repo/sampling-limits-neurips/scripts/../src/models/api_model.py", line 73, in generate
    raise last_error or Exception("Unknown API error")
  File "/Users/atharvnaphade/Code/Research/creativity/repo/sampling-limits-neurips/scripts/../src/models/api_model.py", line 49, in generate
    response.raise_for_status()
  File "/Users/atharvnaphade/Code/Research/creativity/repo/sampling-limits-neurips/.venv/lib/python3.12/site-packages/requests/models.py", line 1026, in raise_for_status
    raise HTTPError(http_error_msg, response=self)
requests.exceptions.HTTPError: 400 Client Error: Bad Request for url: https://openrouter.ai/api/v1/chat/completions
[2026-01-01 02:17:39,579][__main__][ERROR] - Error processing item 66: 400 Client Error: Bad Request for url: https://openrouter.ai/api/v1/chat/completions
Traceback (most recent call last):
  File "/Users/atharvnaphade/Code/Research/creativity/repo/sampling-limits-neurips/scripts/run_experiment.py", line 37, in process_item
    output, prompt_used = run_sampling(model, prompt, cfg.method)
                          ^^^^^^^^^^^^^^^^^^^^^^^^^^^^^^^^^^^^^^^
  File "/Users/atharvnaphade/Code/Research/creativity/repo/sampling-limits-neurips/scripts/../src/sampling/engine.py", line 20, in run_sampling
    return model.generate(prompt_used, **method_config), prompt_used
           ^^^^^^^^^^^^^^^^^^^^^^^^^^^^^^^^^^^^^^^^^^^^
  File "/Users/atharvnaphade/Code/Research/creativity/repo/sampling-limits-neurips/scripts/../src/models/api_model.py", line 73, in generate
    raise last_error or Exception("Unknown API error")
  File "/Users/atharvnaphade/Code/Research/creativity/repo/sampling-limits-neurips/scripts/../src/models/api_model.py", line 49, in generate
    response.raise_for_status()
  File "/Users/atharvnaphade/Code/Research/creativity/repo/sampling-limits-neurips/.venv/lib/python3.12/site-packages/requests/models.py", line 1026, in raise_for_status
    raise HTTPError(http_error_msg, response=self)
requests.exceptions.HTTPError: 400 Client Error: Bad Request for url: https://openrouter.ai/api/v1/chat/completions
[2026-01-01 02:17:39,580][__main__][ERROR] - Error processing item 62: 400 Client Error: Bad Request for url: https://openrouter.ai/api/v1/chat/completions
Traceback (most recent call last):
  File "/Users/atharvnaphade/Code/Research/creativity/repo/sampling-limits-neurips/scripts/run_experiment.py", line 37, in process_item
    output, prompt_used = run_sampling(model, prompt, cfg.method)
                          ^^^^^^^^^^^^^^^^^^^^^^^^^^^^^^^^^^^^^^^
  File "/Users/atharvnaphade/Code/Research/creativity/repo/sampling-limits-neurips/scripts/../src/sampling/engine.py", line 20, in run_sampling
    return model.generate(prompt_used, **method_config), prompt_used
           ^^^^^^^^^^^^^^^^^^^^^^^^^^^^^^^^^^^^^^^^^^^^
  File "/Users/atharvnaphade/Code/Research/creativity/repo/sampling-limits-neurips/scripts/../src/models/api_model.py", line 73, in generate
    raise last_error or Exception("Unknown API error")
  File "/Users/atharvnaphade/Code/Research/creativity/repo/sampling-limits-neurips/scripts/../src/models/api_model.py", line 49, in generate
    response.raise_for_status()
  File "/Users/atharvnaphade/Code/Research/creativity/repo/sampling-limits-neurips/.venv/lib/python3.12/site-packages/requests/models.py", line 1026, in raise_for_status
    raise HTTPError(http_error_msg, response=self)
requests.exceptions.HTTPError: 400 Client Error: Bad Request for url: https://openrouter.ai/api/v1/chat/completions
[2026-01-01 02:17:39,582][__main__][ERROR] - Error processing item 71: 400 Client Error: Bad Request for url: https://openrouter.ai/api/v1/chat/completions
Traceback (most recent call last):
  File "/Users/atharvnaphade/Code/Research/creativity/repo/sampling-limits-neurips/scripts/run_experiment.py", line 37, in process_item
    output, prompt_used = run_sampling(model, prompt, cfg.method)
                          ^^^^^^^^^^^^^^^^^^^^^^^^^^^^^^^^^^^^^^^
  File "/Users/atharvnaphade/Code/Research/creativity/repo/sampling-limits-neurips/scripts/../src/sampling/engine.py", line 20, in run_sampling
    return model.generate(prompt_used, **method_config), prompt_used
           ^^^^^^^^^^^^^^^^^^^^^^^^^^^^^^^^^^^^^^^^^^^^
  File "/Users/atharvnaphade/Code/Research/creativity/repo/sampling-limits-neurips/scripts/../src/models/api_model.py", line 73, in generate
    raise last_error or Exception("Unknown API error")
  File "/Users/atharvnaphade/Code/Research/creativity/repo/sampling-limits-neurips/scripts/../src/models/api_model.py", line 49, in generate
    response.raise_for_status()
  File "/Users/atharvnaphade/Code/Research/creativity/repo/sampling-limits-neurips/.venv/lib/python3.12/site-packages/requests/models.py", line 1026, in raise_for_status
    raise HTTPError(http_error_msg, response=self)
requests.exceptions.HTTPError: 400 Client Error: Bad Request for url: https://openrouter.ai/api/v1/chat/completions
[2026-01-01 02:17:39,583][__main__][ERROR] - Error processing item 68: 400 Client Error: Bad Request for url: https://openrouter.ai/api/v1/chat/completions
Traceback (most recent call last):
  File "/Users/atharvnaphade/Code/Research/creativity/repo/sampling-limits-neurips/scripts/run_experiment.py", line 37, in process_item
    output, prompt_used = run_sampling(model, prompt, cfg.method)
                          ^^^^^^^^^^^^^^^^^^^^^^^^^^^^^^^^^^^^^^^
  File "/Users/atharvnaphade/Code/Research/creativity/repo/sampling-limits-neurips/scripts/../src/sampling/engine.py", line 20, in run_sampling
    return model.generate(prompt_used, **method_config), prompt_used
           ^^^^^^^^^^^^^^^^^^^^^^^^^^^^^^^^^^^^^^^^^^^^
  File "/Users/atharvnaphade/Code/Research/creativity/repo/sampling-limits-neurips/scripts/../src/models/api_model.py", line 73, in generate
    raise last_error or Exception("Unknown API error")
  File "/Users/atharvnaphade/Code/Research/creativity/repo/sampling-limits-neurips/scripts/../src/models/api_model.py", line 49, in generate
    response.raise_for_status()
  File "/Users/atharvnaphade/Code/Research/creativity/repo/sampling-limits-neurips/.venv/lib/python3.12/site-packages/requests/models.py", line 1026, in raise_for_status
    raise HTTPError(http_error_msg, response=self)
requests.exceptions.HTTPError: 400 Client Error: Bad Request for url: https://openrouter.ai/api/v1/chat/completions
[2026-01-01 02:17:39,585][__main__][ERROR] - Error processing item 77: 400 Client Error: Bad Request for url: https://openrouter.ai/api/v1/chat/completions
Traceback (most recent call last):
  File "/Users/atharvnaphade/Code/Research/creativity/repo/sampling-limits-neurips/scripts/run_experiment.py", line 37, in process_item
    output, prompt_used = run_sampling(model, prompt, cfg.method)
                          ^^^^^^^^^^^^^^^^^^^^^^^^^^^^^^^^^^^^^^^
  File "/Users/atharvnaphade/Code/Research/creativity/repo/sampling-limits-neurips/scripts/../src/sampling/engine.py", line 20, in run_sampling
    return model.generate(prompt_used, **method_config), prompt_used
           ^^^^^^^^^^^^^^^^^^^^^^^^^^^^^^^^^^^^^^^^^^^^
  File "/Users/atharvnaphade/Code/Research/creativity/repo/sampling-limits-neurips/scripts/../src/models/api_model.py", line 73, in generate
    raise last_error or Exception("Unknown API error")
  File "/Users/atharvnaphade/Code/Research/creativity/repo/sampling-limits-neurips/scripts/../src/models/api_model.py", line 49, in generate
    response.raise_for_status()
  File "/Users/atharvnaphade/Code/Research/creativity/repo/sampling-limits-neurips/.venv/lib/python3.12/site-packages/requests/models.py", line 1026, in raise_for_status
    raise HTTPError(http_error_msg, response=self)
requests.exceptions.HTTPError: 400 Client Error: Bad Request for url: https://openrouter.ai/api/v1/chat/completions
[2026-01-01 02:17:39,586][__main__][ERROR] - Error processing item 80: 400 Client Error: Bad Request for url: https://openrouter.ai/api/v1/chat/completions
Traceback (most recent call last):
  File "/Users/atharvnaphade/Code/Research/creativity/repo/sampling-limits-neurips/scripts/run_experiment.py", line 37, in process_item
    output, prompt_used = run_sampling(model, prompt, cfg.method)
                          ^^^^^^^^^^^^^^^^^^^^^^^^^^^^^^^^^^^^^^^
  File "/Users/atharvnaphade/Code/Research/creativity/repo/sampling-limits-neurips/scripts/../src/sampling/engine.py", line 20, in run_sampling
    return model.generate(prompt_used, **method_config), prompt_used
           ^^^^^^^^^^^^^^^^^^^^^^^^^^^^^^^^^^^^^^^^^^^^
  File "/Users/atharvnaphade/Code/Research/creativity/repo/sampling-limits-neurips/scripts/../src/models/api_model.py", line 73, in generate
    raise last_error or Exception("Unknown API error")
  File "/Users/atharvnaphade/Code/Research/creativity/repo/sampling-limits-neurips/scripts/../src/models/api_model.py", line 49, in generate
    response.raise_for_status()
  File "/Users/atharvnaphade/Code/Research/creativity/repo/sampling-limits-neurips/.venv/lib/python3.12/site-packages/requests/models.py", line 1026, in raise_for_status
    raise HTTPError(http_error_msg, response=self)
requests.exceptions.HTTPError: 400 Client Error: Bad Request for url: https://openrouter.ai/api/v1/chat/completions
[2026-01-01 02:17:39,587][__main__][ERROR] - Error processing item 96: 400 Client Error: Bad Request for url: https://openrouter.ai/api/v1/chat/completions
Traceback (most recent call last):
  File "/Users/atharvnaphade/Code/Research/creativity/repo/sampling-limits-neurips/scripts/run_experiment.py", line 37, in process_item
    output, prompt_used = run_sampling(model, prompt, cfg.method)
                          ^^^^^^^^^^^^^^^^^^^^^^^^^^^^^^^^^^^^^^^
  File "/Users/atharvnaphade/Code/Research/creativity/repo/sampling-limits-neurips/scripts/../src/sampling/engine.py", line 20, in run_sampling
    return model.generate(prompt_used, **method_config), prompt_used
           ^^^^^^^^^^^^^^^^^^^^^^^^^^^^^^^^^^^^^^^^^^^^
  File "/Users/atharvnaphade/Code/Research/creativity/repo/sampling-limits-neurips/scripts/../src/models/api_model.py", line 73, in generate
    raise last_error or Exception("Unknown API error")
  File "/Users/atharvnaphade/Code/Research/creativity/repo/sampling-limits-neurips/scripts/../src/models/api_model.py", line 49, in generate
    response.raise_for_status()
  File "/Users/atharvnaphade/Code/Research/creativity/repo/sampling-limits-neurips/.venv/lib/python3.12/site-packages/requests/models.py", line 1026, in raise_for_status
    raise HTTPError(http_error_msg, response=self)
requests.exceptions.HTTPError: 400 Client Error: Bad Request for url: https://openrouter.ai/api/v1/chat/completions
[2026-01-01 02:17:39,588][__main__][ERROR] - Error processing item 82: 400 Client Error: Bad Request for url: https://openrouter.ai/api/v1/chat/completions
Traceback (most recent call last):
  File "/Users/atharvnaphade/Code/Research/creativity/repo/sampling-limits-neurips/scripts/run_experiment.py", line 37, in process_item
    output, prompt_used = run_sampling(model, prompt, cfg.method)
                          ^^^^^^^^^^^^^^^^^^^^^^^^^^^^^^^^^^^^^^^
  File "/Users/atharvnaphade/Code/Research/creativity/repo/sampling-limits-neurips/scripts/../src/sampling/engine.py", line 20, in run_sampling
    return model.generate(prompt_used, **method_config), prompt_used
           ^^^^^^^^^^^^^^^^^^^^^^^^^^^^^^^^^^^^^^^^^^^^
  File "/Users/atharvnaphade/Code/Research/creativity/repo/sampling-limits-neurips/scripts/../src/models/api_model.py", line 73, in generate
    raise last_error or Exception("Unknown API error")
  File "/Users/atharvnaphade/Code/Research/creativity/repo/sampling-limits-neurips/scripts/../src/models/api_model.py", line 49, in generate
    response.raise_for_status()
  File "/Users/atharvnaphade/Code/Research/creativity/repo/sampling-limits-neurips/.venv/lib/python3.12/site-packages/requests/models.py", line 1026, in raise_for_status
    raise HTTPError(http_error_msg, response=self)
requests.exceptions.HTTPError: 400 Client Error: Bad Request for url: https://openrouter.ai/api/v1/chat/completions
[2026-01-01 02:17:39,589][__main__][ERROR] - Error processing item 89: 400 Client Error: Bad Request for url: https://openrouter.ai/api/v1/chat/completions
Traceback (most recent call last):
  File "/Users/atharvnaphade/Code/Research/creativity/repo/sampling-limits-neurips/scripts/run_experiment.py", line 37, in process_item
    output, prompt_used = run_sampling(model, prompt, cfg.method)
                          ^^^^^^^^^^^^^^^^^^^^^^^^^^^^^^^^^^^^^^^
  File "/Users/atharvnaphade/Code/Research/creativity/repo/sampling-limits-neurips/scripts/../src/sampling/engine.py", line 20, in run_sampling
    return model.generate(prompt_used, **method_config), prompt_used
           ^^^^^^^^^^^^^^^^^^^^^^^^^^^^^^^^^^^^^^^^^^^^
  File "/Users/atharvnaphade/Code/Research/creativity/repo/sampling-limits-neurips/scripts/../src/models/api_model.py", line 73, in generate
    raise last_error or Exception("Unknown API error")
  File "/Users/atharvnaphade/Code/Research/creativity/repo/sampling-limits-neurips/scripts/../src/models/api_model.py", line 49, in generate
    response.raise_for_status()
  File "/Users/atharvnaphade/Code/Research/creativity/repo/sampling-limits-neurips/.venv/lib/python3.12/site-packages/requests/models.py", line 1026, in raise_for_status
    raise HTTPError(http_error_msg, response=self)
requests.exceptions.HTTPError: 400 Client Error: Bad Request for url: https://openrouter.ai/api/v1/chat/completions
[2026-01-01 02:17:39,590][__main__][ERROR] - Error processing item 99: 400 Client Error: Bad Request for url: https://openrouter.ai/api/v1/chat/completions
Traceback (most recent call last):
  File "/Users/atharvnaphade/Code/Research/creativity/repo/sampling-limits-neurips/scripts/run_experiment.py", line 37, in process_item
    output, prompt_used = run_sampling(model, prompt, cfg.method)
                          ^^^^^^^^^^^^^^^^^^^^^^^^^^^^^^^^^^^^^^^
  File "/Users/atharvnaphade/Code/Research/creativity/repo/sampling-limits-neurips/scripts/../src/sampling/engine.py", line 20, in run_sampling
    return model.generate(prompt_used, **method_config), prompt_used
           ^^^^^^^^^^^^^^^^^^^^^^^^^^^^^^^^^^^^^^^^^^^^
  File "/Users/atharvnaphade/Code/Research/creativity/repo/sampling-limits-neurips/scripts/../src/models/api_model.py", line 73, in generate
    raise last_error or Exception("Unknown API error")
  File "/Users/atharvnaphade/Code/Research/creativity/repo/sampling-limits-neurips/scripts/../src/models/api_model.py", line 49, in generate
    response.raise_for_status()
  File "/Users/atharvnaphade/Code/Research/creativity/repo/sampling-limits-neurips/.venv/lib/python3.12/site-packages/requests/models.py", line 1026, in raise_for_status
    raise HTTPError(http_error_msg, response=self)
requests.exceptions.HTTPError: 400 Client Error: Bad Request for url: https://openrouter.ai/api/v1/chat/completions
[2026-01-01 02:17:39,591][__main__][ERROR] - Error processing item 67: 400 Client Error: Bad Request for url: https://openrouter.ai/api/v1/chat/completions
Traceback (most recent call last):
  File "/Users/atharvnaphade/Code/Research/creativity/repo/sampling-limits-neurips/scripts/run_experiment.py", line 37, in process_item
    output, prompt_used = run_sampling(model, prompt, cfg.method)
                          ^^^^^^^^^^^^^^^^^^^^^^^^^^^^^^^^^^^^^^^
  File "/Users/atharvnaphade/Code/Research/creativity/repo/sampling-limits-neurips/scripts/../src/sampling/engine.py", line 20, in run_sampling
    return model.generate(prompt_used, **method_config), prompt_used
           ^^^^^^^^^^^^^^^^^^^^^^^^^^^^^^^^^^^^^^^^^^^^
  File "/Users/atharvnaphade/Code/Research/creativity/repo/sampling-limits-neurips/scripts/../src/models/api_model.py", line 73, in generate
    raise last_error or Exception("Unknown API error")
  File "/Users/atharvnaphade/Code/Research/creativity/repo/sampling-limits-neurips/scripts/../src/models/api_model.py", line 49, in generate
    response.raise_for_status()
  File "/Users/atharvnaphade/Code/Research/creativity/repo/sampling-limits-neurips/.venv/lib/python3.12/site-packages/requests/models.py", line 1026, in raise_for_status
    raise HTTPError(http_error_msg, response=self)
requests.exceptions.HTTPError: 400 Client Error: Bad Request for url: https://openrouter.ai/api/v1/chat/completions
[2026-01-01 02:17:39,592][__main__][ERROR] - Error processing item 50: 400 Client Error: Bad Request for url: https://openrouter.ai/api/v1/chat/completions
Traceback (most recent call last):
  File "/Users/atharvnaphade/Code/Research/creativity/repo/sampling-limits-neurips/scripts/run_experiment.py", line 37, in process_item
    output, prompt_used = run_sampling(model, prompt, cfg.method)
                          ^^^^^^^^^^^^^^^^^^^^^^^^^^^^^^^^^^^^^^^
  File "/Users/atharvnaphade/Code/Research/creativity/repo/sampling-limits-neurips/scripts/../src/sampling/engine.py", line 20, in run_sampling
    return model.generate(prompt_used, **method_config), prompt_used
           ^^^^^^^^^^^^^^^^^^^^^^^^^^^^^^^^^^^^^^^^^^^^
  File "/Users/atharvnaphade/Code/Research/creativity/repo/sampling-limits-neurips/scripts/../src/models/api_model.py", line 73, in generate
    raise last_error or Exception("Unknown API error")
  File "/Users/atharvnaphade/Code/Research/creativity/repo/sampling-limits-neurips/scripts/../src/models/api_model.py", line 49, in generate
    response.raise_for_status()
  File "/Users/atharvnaphade/Code/Research/creativity/repo/sampling-limits-neurips/.venv/lib/python3.12/site-packages/requests/models.py", line 1026, in raise_for_status
    raise HTTPError(http_error_msg, response=self)
requests.exceptions.HTTPError: 400 Client Error: Bad Request for url: https://openrouter.ai/api/v1/chat/completions
[2026-01-01 02:17:39,593][__main__][ERROR] - Error processing item 79: 400 Client Error: Bad Request for url: https://openrouter.ai/api/v1/chat/completions
Traceback (most recent call last):
  File "/Users/atharvnaphade/Code/Research/creativity/repo/sampling-limits-neurips/scripts/run_experiment.py", line 37, in process_item
    output, prompt_used = run_sampling(model, prompt, cfg.method)
                          ^^^^^^^^^^^^^^^^^^^^^^^^^^^^^^^^^^^^^^^
  File "/Users/atharvnaphade/Code/Research/creativity/repo/sampling-limits-neurips/scripts/../src/sampling/engine.py", line 20, in run_sampling
    return model.generate(prompt_used, **method_config), prompt_used
           ^^^^^^^^^^^^^^^^^^^^^^^^^^^^^^^^^^^^^^^^^^^^
  File "/Users/atharvnaphade/Code/Research/creativity/repo/sampling-limits-neurips/scripts/../src/models/api_model.py", line 73, in generate
    raise last_error or Exception("Unknown API error")
  File "/Users/atharvnaphade/Code/Research/creativity/repo/sampling-limits-neurips/scripts/../src/models/api_model.py", line 49, in generate
    response.raise_for_status()
  File "/Users/atharvnaphade/Code/Research/creativity/repo/sampling-limits-neurips/.venv/lib/python3.12/site-packages/requests/models.py", line 1026, in raise_for_status
    raise HTTPError(http_error_msg, response=self)
requests.exceptions.HTTPError: 400 Client Error: Bad Request for url: https://openrouter.ai/api/v1/chat/completions
[2026-01-01 02:17:39,594][__main__][ERROR] - Error processing item 53: 400 Client Error: Bad Request for url: https://openrouter.ai/api/v1/chat/completions
Traceback (most recent call last):
  File "/Users/atharvnaphade/Code/Research/creativity/repo/sampling-limits-neurips/scripts/run_experiment.py", line 37, in process_item
    output, prompt_used = run_sampling(model, prompt, cfg.method)
                          ^^^^^^^^^^^^^^^^^^^^^^^^^^^^^^^^^^^^^^^
  File "/Users/atharvnaphade/Code/Research/creativity/repo/sampling-limits-neurips/scripts/../src/sampling/engine.py", line 20, in run_sampling
    return model.generate(prompt_used, **method_config), prompt_used
           ^^^^^^^^^^^^^^^^^^^^^^^^^^^^^^^^^^^^^^^^^^^^
  File "/Users/atharvnaphade/Code/Research/creativity/repo/sampling-limits-neurips/scripts/../src/models/api_model.py", line 73, in generate
    raise last_error or Exception("Unknown API error")
  File "/Users/atharvnaphade/Code/Research/creativity/repo/sampling-limits-neurips/scripts/../src/models/api_model.py", line 49, in generate
    response.raise_for_status()
  File "/Users/atharvnaphade/Code/Research/creativity/repo/sampling-limits-neurips/.venv/lib/python3.12/site-packages/requests/models.py", line 1026, in raise_for_status
    raise HTTPError(http_error_msg, response=self)
requests.exceptions.HTTPError: 400 Client Error: Bad Request for url: https://openrouter.ai/api/v1/chat/completions
[2026-01-01 02:17:39,595][__main__][ERROR] - Error processing item 63: 400 Client Error: Bad Request for url: https://openrouter.ai/api/v1/chat/completions
Traceback (most recent call last):
  File "/Users/atharvnaphade/Code/Research/creativity/repo/sampling-limits-neurips/scripts/run_experiment.py", line 37, in process_item
    output, prompt_used = run_sampling(model, prompt, cfg.method)
                          ^^^^^^^^^^^^^^^^^^^^^^^^^^^^^^^^^^^^^^^
  File "/Users/atharvnaphade/Code/Research/creativity/repo/sampling-limits-neurips/scripts/../src/sampling/engine.py", line 20, in run_sampling
    return model.generate(prompt_used, **method_config), prompt_used
           ^^^^^^^^^^^^^^^^^^^^^^^^^^^^^^^^^^^^^^^^^^^^
  File "/Users/atharvnaphade/Code/Research/creativity/repo/sampling-limits-neurips/scripts/../src/models/api_model.py", line 73, in generate
    raise last_error or Exception("Unknown API error")
  File "/Users/atharvnaphade/Code/Research/creativity/repo/sampling-limits-neurips/scripts/../src/models/api_model.py", line 49, in generate
    response.raise_for_status()
  File "/Users/atharvnaphade/Code/Research/creativity/repo/sampling-limits-neurips/.venv/lib/python3.12/site-packages/requests/models.py", line 1026, in raise_for_status
    raise HTTPError(http_error_msg, response=self)
requests.exceptions.HTTPError: 400 Client Error: Bad Request for url: https://openrouter.ai/api/v1/chat/completions
[2026-01-01 02:17:39,596][__main__][ERROR] - Error processing item 65: 400 Client Error: Bad Request for url: https://openrouter.ai/api/v1/chat/completions
Traceback (most recent call last):
  File "/Users/atharvnaphade/Code/Research/creativity/repo/sampling-limits-neurips/scripts/run_experiment.py", line 37, in process_item
    output, prompt_used = run_sampling(model, prompt, cfg.method)
                          ^^^^^^^^^^^^^^^^^^^^^^^^^^^^^^^^^^^^^^^
  File "/Users/atharvnaphade/Code/Research/creativity/repo/sampling-limits-neurips/scripts/../src/sampling/engine.py", line 20, in run_sampling
    return model.generate(prompt_used, **method_config), prompt_used
           ^^^^^^^^^^^^^^^^^^^^^^^^^^^^^^^^^^^^^^^^^^^^
  File "/Users/atharvnaphade/Code/Research/creativity/repo/sampling-limits-neurips/scripts/../src/models/api_model.py", line 73, in generate
    raise last_error or Exception("Unknown API error")
  File "/Users/atharvnaphade/Code/Research/creativity/repo/sampling-limits-neurips/scripts/../src/models/api_model.py", line 49, in generate
    response.raise_for_status()
  File "/Users/atharvnaphade/Code/Research/creativity/repo/sampling-limits-neurips/.venv/lib/python3.12/site-packages/requests/models.py", line 1026, in raise_for_status
    raise HTTPError(http_error_msg, response=self)
requests.exceptions.HTTPError: 400 Client Error: Bad Request for url: https://openrouter.ai/api/v1/chat/completions
[2026-01-01 02:17:39,597][__main__][ERROR] - Error processing item 70: 400 Client Error: Bad Request for url: https://openrouter.ai/api/v1/chat/completions
Traceback (most recent call last):
  File "/Users/atharvnaphade/Code/Research/creativity/repo/sampling-limits-neurips/scripts/run_experiment.py", line 37, in process_item
    output, prompt_used = run_sampling(model, prompt, cfg.method)
                          ^^^^^^^^^^^^^^^^^^^^^^^^^^^^^^^^^^^^^^^
  File "/Users/atharvnaphade/Code/Research/creativity/repo/sampling-limits-neurips/scripts/../src/sampling/engine.py", line 20, in run_sampling
    return model.generate(prompt_used, **method_config), prompt_used
           ^^^^^^^^^^^^^^^^^^^^^^^^^^^^^^^^^^^^^^^^^^^^
  File "/Users/atharvnaphade/Code/Research/creativity/repo/sampling-limits-neurips/scripts/../src/models/api_model.py", line 73, in generate
    raise last_error or Exception("Unknown API error")
  File "/Users/atharvnaphade/Code/Research/creativity/repo/sampling-limits-neurips/scripts/../src/models/api_model.py", line 49, in generate
    response.raise_for_status()
  File "/Users/atharvnaphade/Code/Research/creativity/repo/sampling-limits-neurips/.venv/lib/python3.12/site-packages/requests/models.py", line 1026, in raise_for_status
    raise HTTPError(http_error_msg, response=self)
requests.exceptions.HTTPError: 400 Client Error: Bad Request for url: https://openrouter.ai/api/v1/chat/completions
[2026-01-01 02:17:39,598][__main__][ERROR] - Error processing item 76: 400 Client Error: Bad Request for url: https://openrouter.ai/api/v1/chat/completions
Traceback (most recent call last):
  File "/Users/atharvnaphade/Code/Research/creativity/repo/sampling-limits-neurips/scripts/run_experiment.py", line 37, in process_item
    output, prompt_used = run_sampling(model, prompt, cfg.method)
                          ^^^^^^^^^^^^^^^^^^^^^^^^^^^^^^^^^^^^^^^
  File "/Users/atharvnaphade/Code/Research/creativity/repo/sampling-limits-neurips/scripts/../src/sampling/engine.py", line 20, in run_sampling
    return model.generate(prompt_used, **method_config), prompt_used
           ^^^^^^^^^^^^^^^^^^^^^^^^^^^^^^^^^^^^^^^^^^^^
  File "/Users/atharvnaphade/Code/Research/creativity/repo/sampling-limits-neurips/scripts/../src/models/api_model.py", line 73, in generate
    raise last_error or Exception("Unknown API error")
  File "/Users/atharvnaphade/Code/Research/creativity/repo/sampling-limits-neurips/scripts/../src/models/api_model.py", line 49, in generate
    response.raise_for_status()
  File "/Users/atharvnaphade/Code/Research/creativity/repo/sampling-limits-neurips/.venv/lib/python3.12/site-packages/requests/models.py", line 1026, in raise_for_status
    raise HTTPError(http_error_msg, response=self)
requests.exceptions.HTTPError: 400 Client Error: Bad Request for url: https://openrouter.ai/api/v1/chat/completions
[2026-01-01 02:17:39,599][__main__][ERROR] - Error processing item 97: 400 Client Error: Bad Request for url: https://openrouter.ai/api/v1/chat/completions
Traceback (most recent call last):
  File "/Users/atharvnaphade/Code/Research/creativity/repo/sampling-limits-neurips/scripts/run_experiment.py", line 37, in process_item
    output, prompt_used = run_sampling(model, prompt, cfg.method)
                          ^^^^^^^^^^^^^^^^^^^^^^^^^^^^^^^^^^^^^^^
  File "/Users/atharvnaphade/Code/Research/creativity/repo/sampling-limits-neurips/scripts/../src/sampling/engine.py", line 20, in run_sampling
    return model.generate(prompt_used, **method_config), prompt_used
           ^^^^^^^^^^^^^^^^^^^^^^^^^^^^^^^^^^^^^^^^^^^^
  File "/Users/atharvnaphade/Code/Research/creativity/repo/sampling-limits-neurips/scripts/../src/models/api_model.py", line 73, in generate
    raise last_error or Exception("Unknown API error")
  File "/Users/atharvnaphade/Code/Research/creativity/repo/sampling-limits-neurips/scripts/../src/models/api_model.py", line 49, in generate
    response.raise_for_status()
  File "/Users/atharvnaphade/Code/Research/creativity/repo/sampling-limits-neurips/.venv/lib/python3.12/site-packages/requests/models.py", line 1026, in raise_for_status
    raise HTTPError(http_error_msg, response=self)
requests.exceptions.HTTPError: 400 Client Error: Bad Request for url: https://openrouter.ai/api/v1/chat/completions
[2026-01-01 02:17:39,600][__main__][ERROR] - Error processing item 91: 400 Client Error: Bad Request for url: https://openrouter.ai/api/v1/chat/completions
Traceback (most recent call last):
  File "/Users/atharvnaphade/Code/Research/creativity/repo/sampling-limits-neurips/scripts/run_experiment.py", line 37, in process_item
    output, prompt_used = run_sampling(model, prompt, cfg.method)
                          ^^^^^^^^^^^^^^^^^^^^^^^^^^^^^^^^^^^^^^^
  File "/Users/atharvnaphade/Code/Research/creativity/repo/sampling-limits-neurips/scripts/../src/sampling/engine.py", line 20, in run_sampling
    return model.generate(prompt_used, **method_config), prompt_used
           ^^^^^^^^^^^^^^^^^^^^^^^^^^^^^^^^^^^^^^^^^^^^
  File "/Users/atharvnaphade/Code/Research/creativity/repo/sampling-limits-neurips/scripts/../src/models/api_model.py", line 73, in generate
    raise last_error or Exception("Unknown API error")
  File "/Users/atharvnaphade/Code/Research/creativity/repo/sampling-limits-neurips/scripts/../src/models/api_model.py", line 49, in generate
    response.raise_for_status()
  File "/Users/atharvnaphade/Code/Research/creativity/repo/sampling-limits-neurips/.venv/lib/python3.12/site-packages/requests/models.py", line 1026, in raise_for_status
    raise HTTPError(http_error_msg, response=self)
requests.exceptions.HTTPError: 400 Client Error: Bad Request for url: https://openrouter.ai/api/v1/chat/completions
[2026-01-01 02:17:39,601][__main__][ERROR] - Error processing item 75: 400 Client Error: Bad Request for url: https://openrouter.ai/api/v1/chat/completions
Traceback (most recent call last):
  File "/Users/atharvnaphade/Code/Research/creativity/repo/sampling-limits-neurips/scripts/run_experiment.py", line 37, in process_item
    output, prompt_used = run_sampling(model, prompt, cfg.method)
                          ^^^^^^^^^^^^^^^^^^^^^^^^^^^^^^^^^^^^^^^
  File "/Users/atharvnaphade/Code/Research/creativity/repo/sampling-limits-neurips/scripts/../src/sampling/engine.py", line 20, in run_sampling
    return model.generate(prompt_used, **method_config), prompt_used
           ^^^^^^^^^^^^^^^^^^^^^^^^^^^^^^^^^^^^^^^^^^^^
  File "/Users/atharvnaphade/Code/Research/creativity/repo/sampling-limits-neurips/scripts/../src/models/api_model.py", line 73, in generate
    raise last_error or Exception("Unknown API error")
  File "/Users/atharvnaphade/Code/Research/creativity/repo/sampling-limits-neurips/scripts/../src/models/api_model.py", line 49, in generate
    response.raise_for_status()
  File "/Users/atharvnaphade/Code/Research/creativity/repo/sampling-limits-neurips/.venv/lib/python3.12/site-packages/requests/models.py", line 1026, in raise_for_status
    raise HTTPError(http_error_msg, response=self)
requests.exceptions.HTTPError: 400 Client Error: Bad Request for url: https://openrouter.ai/api/v1/chat/completions
[2026-01-01 02:17:39,602][__main__][ERROR] - Error processing item 86: 400 Client Error: Bad Request for url: https://openrouter.ai/api/v1/chat/completions
Traceback (most recent call last):
  File "/Users/atharvnaphade/Code/Research/creativity/repo/sampling-limits-neurips/scripts/run_experiment.py", line 37, in process_item
    output, prompt_used = run_sampling(model, prompt, cfg.method)
                          ^^^^^^^^^^^^^^^^^^^^^^^^^^^^^^^^^^^^^^^
  File "/Users/atharvnaphade/Code/Research/creativity/repo/sampling-limits-neurips/scripts/../src/sampling/engine.py", line 20, in run_sampling
    return model.generate(prompt_used, **method_config), prompt_used
           ^^^^^^^^^^^^^^^^^^^^^^^^^^^^^^^^^^^^^^^^^^^^
  File "/Users/atharvnaphade/Code/Research/creativity/repo/sampling-limits-neurips/scripts/../src/models/api_model.py", line 73, in generate
    raise last_error or Exception("Unknown API error")
  File "/Users/atharvnaphade/Code/Research/creativity/repo/sampling-limits-neurips/scripts/../src/models/api_model.py", line 49, in generate
    response.raise_for_status()
  File "/Users/atharvnaphade/Code/Research/creativity/repo/sampling-limits-neurips/.venv/lib/python3.12/site-packages/requests/models.py", line 1026, in raise_for_status
    raise HTTPError(http_error_msg, response=self)
requests.exceptions.HTTPError: 400 Client Error: Bad Request for url: https://openrouter.ai/api/v1/chat/completions
[2026-01-01 02:17:39,603][__main__][ERROR] - Error processing item 69: 400 Client Error: Bad Request for url: https://openrouter.ai/api/v1/chat/completions
Traceback (most recent call last):
  File "/Users/atharvnaphade/Code/Research/creativity/repo/sampling-limits-neurips/scripts/run_experiment.py", line 37, in process_item
    output, prompt_used = run_sampling(model, prompt, cfg.method)
                          ^^^^^^^^^^^^^^^^^^^^^^^^^^^^^^^^^^^^^^^
  File "/Users/atharvnaphade/Code/Research/creativity/repo/sampling-limits-neurips/scripts/../src/sampling/engine.py", line 20, in run_sampling
    return model.generate(prompt_used, **method_config), prompt_used
           ^^^^^^^^^^^^^^^^^^^^^^^^^^^^^^^^^^^^^^^^^^^^
  File "/Users/atharvnaphade/Code/Research/creativity/repo/sampling-limits-neurips/scripts/../src/models/api_model.py", line 73, in generate
    raise last_error or Exception("Unknown API error")
  File "/Users/atharvnaphade/Code/Research/creativity/repo/sampling-limits-neurips/scripts/../src/models/api_model.py", line 49, in generate
    response.raise_for_status()
  File "/Users/atharvnaphade/Code/Research/creativity/repo/sampling-limits-neurips/.venv/lib/python3.12/site-packages/requests/models.py", line 1026, in raise_for_status
    raise HTTPError(http_error_msg, response=self)
requests.exceptions.HTTPError: 400 Client Error: Bad Request for url: https://openrouter.ai/api/v1/chat/completions
[2026-01-01 02:17:39,604][__main__][ERROR] - Error processing item 94: 400 Client Error: Bad Request for url: https://openrouter.ai/api/v1/chat/completions
Traceback (most recent call last):
  File "/Users/atharvnaphade/Code/Research/creativity/repo/sampling-limits-neurips/scripts/run_experiment.py", line 37, in process_item
    output, prompt_used = run_sampling(model, prompt, cfg.method)
                          ^^^^^^^^^^^^^^^^^^^^^^^^^^^^^^^^^^^^^^^
  File "/Users/atharvnaphade/Code/Research/creativity/repo/sampling-limits-neurips/scripts/../src/sampling/engine.py", line 20, in run_sampling
    return model.generate(prompt_used, **method_config), prompt_used
           ^^^^^^^^^^^^^^^^^^^^^^^^^^^^^^^^^^^^^^^^^^^^
  File "/Users/atharvnaphade/Code/Research/creativity/repo/sampling-limits-neurips/scripts/../src/models/api_model.py", line 73, in generate
    raise last_error or Exception("Unknown API error")
  File "/Users/atharvnaphade/Code/Research/creativity/repo/sampling-limits-neurips/scripts/../src/models/api_model.py", line 49, in generate
    response.raise_for_status()
  File "/Users/atharvnaphade/Code/Research/creativity/repo/sampling-limits-neurips/.venv/lib/python3.12/site-packages/requests/models.py", line 1026, in raise_for_status
    raise HTTPError(http_error_msg, response=self)
requests.exceptions.HTTPError: 400 Client Error: Bad Request for url: https://openrouter.ai/api/v1/chat/completions
[2026-01-01 02:17:39,605][__main__][ERROR] - Error processing item 90: 400 Client Error: Bad Request for url: https://openrouter.ai/api/v1/chat/completions
Traceback (most recent call last):
  File "/Users/atharvnaphade/Code/Research/creativity/repo/sampling-limits-neurips/scripts/run_experiment.py", line 37, in process_item
    output, prompt_used = run_sampling(model, prompt, cfg.method)
                          ^^^^^^^^^^^^^^^^^^^^^^^^^^^^^^^^^^^^^^^
  File "/Users/atharvnaphade/Code/Research/creativity/repo/sampling-limits-neurips/scripts/../src/sampling/engine.py", line 20, in run_sampling
    return model.generate(prompt_used, **method_config), prompt_used
           ^^^^^^^^^^^^^^^^^^^^^^^^^^^^^^^^^^^^^^^^^^^^
  File "/Users/atharvnaphade/Code/Research/creativity/repo/sampling-limits-neurips/scripts/../src/models/api_model.py", line 73, in generate
    raise last_error or Exception("Unknown API error")
  File "/Users/atharvnaphade/Code/Research/creativity/repo/sampling-limits-neurips/scripts/../src/models/api_model.py", line 49, in generate
    response.raise_for_status()
  File "/Users/atharvnaphade/Code/Research/creativity/repo/sampling-limits-neurips/.venv/lib/python3.12/site-packages/requests/models.py", line 1026, in raise_for_status
    raise HTTPError(http_error_msg, response=self)
requests.exceptions.HTTPError: 400 Client Error: Bad Request for url: https://openrouter.ai/api/v1/chat/completions
[2026-01-01 02:17:39,606][__main__][ERROR] - Error processing item 64: 400 Client Error: Bad Request for url: https://openrouter.ai/api/v1/chat/completions
Traceback (most recent call last):
  File "/Users/atharvnaphade/Code/Research/creativity/repo/sampling-limits-neurips/scripts/run_experiment.py", line 37, in process_item
    output, prompt_used = run_sampling(model, prompt, cfg.method)
                          ^^^^^^^^^^^^^^^^^^^^^^^^^^^^^^^^^^^^^^^
  File "/Users/atharvnaphade/Code/Research/creativity/repo/sampling-limits-neurips/scripts/../src/sampling/engine.py", line 20, in run_sampling
    return model.generate(prompt_used, **method_config), prompt_used
           ^^^^^^^^^^^^^^^^^^^^^^^^^^^^^^^^^^^^^^^^^^^^
  File "/Users/atharvnaphade/Code/Research/creativity/repo/sampling-limits-neurips/scripts/../src/models/api_model.py", line 73, in generate
    raise last_error or Exception("Unknown API error")
  File "/Users/atharvnaphade/Code/Research/creativity/repo/sampling-limits-neurips/scripts/../src/models/api_model.py", line 49, in generate
    response.raise_for_status()
  File "/Users/atharvnaphade/Code/Research/creativity/repo/sampling-limits-neurips/.venv/lib/python3.12/site-packages/requests/models.py", line 1026, in raise_for_status
    raise HTTPError(http_error_msg, response=self)
requests.exceptions.HTTPError: 400 Client Error: Bad Request for url: https://openrouter.ai/api/v1/chat/completions
[2026-01-01 02:17:39,607][__main__][ERROR] - Error processing item 88: 400 Client Error: Bad Request for url: https://openrouter.ai/api/v1/chat/completions
Traceback (most recent call last):
  File "/Users/atharvnaphade/Code/Research/creativity/repo/sampling-limits-neurips/scripts/run_experiment.py", line 37, in process_item
    output, prompt_used = run_sampling(model, prompt, cfg.method)
                          ^^^^^^^^^^^^^^^^^^^^^^^^^^^^^^^^^^^^^^^
  File "/Users/atharvnaphade/Code/Research/creativity/repo/sampling-limits-neurips/scripts/../src/sampling/engine.py", line 20, in run_sampling
    return model.generate(prompt_used, **method_config), prompt_used
           ^^^^^^^^^^^^^^^^^^^^^^^^^^^^^^^^^^^^^^^^^^^^
  File "/Users/atharvnaphade/Code/Research/creativity/repo/sampling-limits-neurips/scripts/../src/models/api_model.py", line 73, in generate
    raise last_error or Exception("Unknown API error")
  File "/Users/atharvnaphade/Code/Research/creativity/repo/sampling-limits-neurips/scripts/../src/models/api_model.py", line 49, in generate
    response.raise_for_status()
  File "/Users/atharvnaphade/Code/Research/creativity/repo/sampling-limits-neurips/.venv/lib/python3.12/site-packages/requests/models.py", line 1026, in raise_for_status
    raise HTTPError(http_error_msg, response=self)
requests.exceptions.HTTPError: 400 Client Error: Bad Request for url: https://openrouter.ai/api/v1/chat/completions
[2026-01-01 02:17:39,607][__main__][ERROR] - Error processing item 84: 400 Client Error: Bad Request for url: https://openrouter.ai/api/v1/chat/completions
Traceback (most recent call last):
  File "/Users/atharvnaphade/Code/Research/creativity/repo/sampling-limits-neurips/scripts/run_experiment.py", line 37, in process_item
    output, prompt_used = run_sampling(model, prompt, cfg.method)
                          ^^^^^^^^^^^^^^^^^^^^^^^^^^^^^^^^^^^^^^^
  File "/Users/atharvnaphade/Code/Research/creativity/repo/sampling-limits-neurips/scripts/../src/sampling/engine.py", line 20, in run_sampling
    return model.generate(prompt_used, **method_config), prompt_used
           ^^^^^^^^^^^^^^^^^^^^^^^^^^^^^^^^^^^^^^^^^^^^
  File "/Users/atharvnaphade/Code/Research/creativity/repo/sampling-limits-neurips/scripts/../src/models/api_model.py", line 73, in generate
    raise last_error or Exception("Unknown API error")
  File "/Users/atharvnaphade/Code/Research/creativity/repo/sampling-limits-neurips/scripts/../src/models/api_model.py", line 49, in generate
    response.raise_for_status()
  File "/Users/atharvnaphade/Code/Research/creativity/repo/sampling-limits-neurips/.venv/lib/python3.12/site-packages/requests/models.py", line 1026, in raise_for_status
    raise HTTPError(http_error_msg, response=self)
requests.exceptions.HTTPError: 400 Client Error: Bad Request for url: https://openrouter.ai/api/v1/chat/completions
[2026-01-01 02:17:39,609][__main__][ERROR] - Error processing item 83: 400 Client Error: Bad Request for url: https://openrouter.ai/api/v1/chat/completions
Traceback (most recent call last):
  File "/Users/atharvnaphade/Code/Research/creativity/repo/sampling-limits-neurips/scripts/run_experiment.py", line 37, in process_item
    output, prompt_used = run_sampling(model, prompt, cfg.method)
                          ^^^^^^^^^^^^^^^^^^^^^^^^^^^^^^^^^^^^^^^
  File "/Users/atharvnaphade/Code/Research/creativity/repo/sampling-limits-neurips/scripts/../src/sampling/engine.py", line 20, in run_sampling
    return model.generate(prompt_used, **method_config), prompt_used
           ^^^^^^^^^^^^^^^^^^^^^^^^^^^^^^^^^^^^^^^^^^^^
  File "/Users/atharvnaphade/Code/Research/creativity/repo/sampling-limits-neurips/scripts/../src/models/api_model.py", line 73, in generate
    raise last_error or Exception("Unknown API error")
  File "/Users/atharvnaphade/Code/Research/creativity/repo/sampling-limits-neurips/scripts/../src/models/api_model.py", line 49, in generate
    response.raise_for_status()
  File "/Users/atharvnaphade/Code/Research/creativity/repo/sampling-limits-neurips/.venv/lib/python3.12/site-packages/requests/models.py", line 1026, in raise_for_status
    raise HTTPError(http_error_msg, response=self)
requests.exceptions.HTTPError: 400 Client Error: Bad Request for url: https://openrouter.ai/api/v1/chat/completions
[2026-01-01 02:17:39,610][__main__][ERROR] - Error processing item 60: 400 Client Error: Bad Request for url: https://openrouter.ai/api/v1/chat/completions
Traceback (most recent call last):
  File "/Users/atharvnaphade/Code/Research/creativity/repo/sampling-limits-neurips/scripts/run_experiment.py", line 37, in process_item
    output, prompt_used = run_sampling(model, prompt, cfg.method)
                          ^^^^^^^^^^^^^^^^^^^^^^^^^^^^^^^^^^^^^^^
  File "/Users/atharvnaphade/Code/Research/creativity/repo/sampling-limits-neurips/scripts/../src/sampling/engine.py", line 20, in run_sampling
    return model.generate(prompt_used, **method_config), prompt_used
           ^^^^^^^^^^^^^^^^^^^^^^^^^^^^^^^^^^^^^^^^^^^^
  File "/Users/atharvnaphade/Code/Research/creativity/repo/sampling-limits-neurips/scripts/../src/models/api_model.py", line 73, in generate
    raise last_error or Exception("Unknown API error")
  File "/Users/atharvnaphade/Code/Research/creativity/repo/sampling-limits-neurips/scripts/../src/models/api_model.py", line 49, in generate
    response.raise_for_status()
  File "/Users/atharvnaphade/Code/Research/creativity/repo/sampling-limits-neurips/.venv/lib/python3.12/site-packages/requests/models.py", line 1026, in raise_for_status
    raise HTTPError(http_error_msg, response=self)
requests.exceptions.HTTPError: 400 Client Error: Bad Request for url: https://openrouter.ai/api/v1/chat/completions
[2026-01-01 02:17:39,611][__main__][ERROR] - Error processing item 92: 400 Client Error: Bad Request for url: https://openrouter.ai/api/v1/chat/completions
Traceback (most recent call last):
  File "/Users/atharvnaphade/Code/Research/creativity/repo/sampling-limits-neurips/scripts/run_experiment.py", line 37, in process_item
    output, prompt_used = run_sampling(model, prompt, cfg.method)
                          ^^^^^^^^^^^^^^^^^^^^^^^^^^^^^^^^^^^^^^^
  File "/Users/atharvnaphade/Code/Research/creativity/repo/sampling-limits-neurips/scripts/../src/sampling/engine.py", line 20, in run_sampling
    return model.generate(prompt_used, **method_config), prompt_used
           ^^^^^^^^^^^^^^^^^^^^^^^^^^^^^^^^^^^^^^^^^^^^
  File "/Users/atharvnaphade/Code/Research/creativity/repo/sampling-limits-neurips/scripts/../src/models/api_model.py", line 73, in generate
    raise last_error or Exception("Unknown API error")
  File "/Users/atharvnaphade/Code/Research/creativity/repo/sampling-limits-neurips/scripts/../src/models/api_model.py", line 49, in generate
    response.raise_for_status()
  File "/Users/atharvnaphade/Code/Research/creativity/repo/sampling-limits-neurips/.venv/lib/python3.12/site-packages/requests/models.py", line 1026, in raise_for_status
    raise HTTPError(http_error_msg, response=self)
requests.exceptions.HTTPError: 400 Client Error: Bad Request for url: https://openrouter.ai/api/v1/chat/completions
[2026-01-01 02:17:39,612][__main__][ERROR] - Error processing item 72: 400 Client Error: Bad Request for url: https://openrouter.ai/api/v1/chat/completions
Traceback (most recent call last):
  File "/Users/atharvnaphade/Code/Research/creativity/repo/sampling-limits-neurips/scripts/run_experiment.py", line 37, in process_item
    output, prompt_used = run_sampling(model, prompt, cfg.method)
                          ^^^^^^^^^^^^^^^^^^^^^^^^^^^^^^^^^^^^^^^
  File "/Users/atharvnaphade/Code/Research/creativity/repo/sampling-limits-neurips/scripts/../src/sampling/engine.py", line 20, in run_sampling
    return model.generate(prompt_used, **method_config), prompt_used
           ^^^^^^^^^^^^^^^^^^^^^^^^^^^^^^^^^^^^^^^^^^^^
  File "/Users/atharvnaphade/Code/Research/creativity/repo/sampling-limits-neurips/scripts/../src/models/api_model.py", line 73, in generate
    raise last_error or Exception("Unknown API error")
  File "/Users/atharvnaphade/Code/Research/creativity/repo/sampling-limits-neurips/scripts/../src/models/api_model.py", line 49, in generate
    response.raise_for_status()
  File "/Users/atharvnaphade/Code/Research/creativity/repo/sampling-limits-neurips/.venv/lib/python3.12/site-packages/requests/models.py", line 1026, in raise_for_status
    raise HTTPError(http_error_msg, response=self)
requests.exceptions.HTTPError: 400 Client Error: Bad Request for url: https://openrouter.ai/api/v1/chat/completions
[2026-01-01 02:17:39,613][__main__][ERROR] - Error processing item 85: 400 Client Error: Bad Request for url: https://openrouter.ai/api/v1/chat/completions
Traceback (most recent call last):
  File "/Users/atharvnaphade/Code/Research/creativity/repo/sampling-limits-neurips/scripts/run_experiment.py", line 37, in process_item
    output, prompt_used = run_sampling(model, prompt, cfg.method)
                          ^^^^^^^^^^^^^^^^^^^^^^^^^^^^^^^^^^^^^^^
  File "/Users/atharvnaphade/Code/Research/creativity/repo/sampling-limits-neurips/scripts/../src/sampling/engine.py", line 20, in run_sampling
    return model.generate(prompt_used, **method_config), prompt_used
           ^^^^^^^^^^^^^^^^^^^^^^^^^^^^^^^^^^^^^^^^^^^^
  File "/Users/atharvnaphade/Code/Research/creativity/repo/sampling-limits-neurips/scripts/../src/models/api_model.py", line 73, in generate
    raise last_error or Exception("Unknown API error")
  File "/Users/atharvnaphade/Code/Research/creativity/repo/sampling-limits-neurips/scripts/../src/models/api_model.py", line 49, in generate
    response.raise_for_status()
  File "/Users/atharvnaphade/Code/Research/creativity/repo/sampling-limits-neurips/.venv/lib/python3.12/site-packages/requests/models.py", line 1026, in raise_for_status
    raise HTTPError(http_error_msg, response=self)
requests.exceptions.HTTPError: 400 Client Error: Bad Request for url: https://openrouter.ai/api/v1/chat/completions
[2026-01-01 02:17:39,614][__main__][ERROR] - Error processing item 81: 400 Client Error: Bad Request for url: https://openrouter.ai/api/v1/chat/completions
Traceback (most recent call last):
  File "/Users/atharvnaphade/Code/Research/creativity/repo/sampling-limits-neurips/scripts/run_experiment.py", line 37, in process_item
    output, prompt_used = run_sampling(model, prompt, cfg.method)
                          ^^^^^^^^^^^^^^^^^^^^^^^^^^^^^^^^^^^^^^^
  File "/Users/atharvnaphade/Code/Research/creativity/repo/sampling-limits-neurips/scripts/../src/sampling/engine.py", line 20, in run_sampling
    return model.generate(prompt_used, **method_config), prompt_used
           ^^^^^^^^^^^^^^^^^^^^^^^^^^^^^^^^^^^^^^^^^^^^
  File "/Users/atharvnaphade/Code/Research/creativity/repo/sampling-limits-neurips/scripts/../src/models/api_model.py", line 73, in generate
    raise last_error or Exception("Unknown API error")
  File "/Users/atharvnaphade/Code/Research/creativity/repo/sampling-limits-neurips/scripts/../src/models/api_model.py", line 49, in generate
    response.raise_for_status()
  File "/Users/atharvnaphade/Code/Research/creativity/repo/sampling-limits-neurips/.venv/lib/python3.12/site-packages/requests/models.py", line 1026, in raise_for_status
    raise HTTPError(http_error_msg, response=self)
requests.exceptions.HTTPError: 400 Client Error: Bad Request for url: https://openrouter.ai/api/v1/chat/completions
[2026-01-01 02:17:39,615][__main__][ERROR] - Error processing item 61: 400 Client Error: Bad Request for url: https://openrouter.ai/api/v1/chat/completions
Traceback (most recent call last):
  File "/Users/atharvnaphade/Code/Research/creativity/repo/sampling-limits-neurips/scripts/run_experiment.py", line 37, in process_item
    output, prompt_used = run_sampling(model, prompt, cfg.method)
                          ^^^^^^^^^^^^^^^^^^^^^^^^^^^^^^^^^^^^^^^
  File "/Users/atharvnaphade/Code/Research/creativity/repo/sampling-limits-neurips/scripts/../src/sampling/engine.py", line 20, in run_sampling
    return model.generate(prompt_used, **method_config), prompt_used
           ^^^^^^^^^^^^^^^^^^^^^^^^^^^^^^^^^^^^^^^^^^^^
  File "/Users/atharvnaphade/Code/Research/creativity/repo/sampling-limits-neurips/scripts/../src/models/api_model.py", line 73, in generate
    raise last_error or Exception("Unknown API error")
  File "/Users/atharvnaphade/Code/Research/creativity/repo/sampling-limits-neurips/scripts/../src/models/api_model.py", line 49, in generate
    response.raise_for_status()
  File "/Users/atharvnaphade/Code/Research/creativity/repo/sampling-limits-neurips/.venv/lib/python3.12/site-packages/requests/models.py", line 1026, in raise_for_status
    raise HTTPError(http_error_msg, response=self)
requests.exceptions.HTTPError: 400 Client Error: Bad Request for url: https://openrouter.ai/api/v1/chat/completions
[2026-01-01 02:17:42,717][__main__][ERROR] - Error processing item 100: 400 Client Error: Bad Request for url: https://openrouter.ai/api/v1/chat/completions
Traceback (most recent call last):
  File "/Users/atharvnaphade/Code/Research/creativity/repo/sampling-limits-neurips/scripts/run_experiment.py", line 37, in process_item
    output, prompt_used = run_sampling(model, prompt, cfg.method)
                          ^^^^^^^^^^^^^^^^^^^^^^^^^^^^^^^^^^^^^^^
  File "/Users/atharvnaphade/Code/Research/creativity/repo/sampling-limits-neurips/scripts/../src/sampling/engine.py", line 20, in run_sampling
    return model.generate(prompt_used, **method_config), prompt_used
           ^^^^^^^^^^^^^^^^^^^^^^^^^^^^^^^^^^^^^^^^^^^^
  File "/Users/atharvnaphade/Code/Research/creativity/repo/sampling-limits-neurips/scripts/../src/models/api_model.py", line 73, in generate
    raise last_error or Exception("Unknown API error")
  File "/Users/atharvnaphade/Code/Research/creativity/repo/sampling-limits-neurips/scripts/../src/models/api_model.py", line 49, in generate
    response.raise_for_status()
  File "/Users/atharvnaphade/Code/Research/creativity/repo/sampling-limits-neurips/.venv/lib/python3.12/site-packages/requests/models.py", line 1026, in raise_for_status
    raise HTTPError(http_error_msg, response=self)
requests.exceptions.HTTPError: 400 Client Error: Bad Request for url: https://openrouter.ai/api/v1/chat/completions
[2026-01-01 02:17:42,764][__main__][ERROR] - Error processing item 102: 400 Client Error: Bad Request for url: https://openrouter.ai/api/v1/chat/completions
Traceback (most recent call last):
  File "/Users/atharvnaphade/Code/Research/creativity/repo/sampling-limits-neurips/scripts/run_experiment.py", line 37, in process_item
    output, prompt_used = run_sampling(model, prompt, cfg.method)
                          ^^^^^^^^^^^^^^^^^^^^^^^^^^^^^^^^^^^^^^^
  File "/Users/atharvnaphade/Code/Research/creativity/repo/sampling-limits-neurips/scripts/../src/sampling/engine.py", line 20, in run_sampling
    return model.generate(prompt_used, **method_config), prompt_used
           ^^^^^^^^^^^^^^^^^^^^^^^^^^^^^^^^^^^^^^^^^^^^
  File "/Users/atharvnaphade/Code/Research/creativity/repo/sampling-limits-neurips/scripts/../src/models/api_model.py", line 73, in generate
    raise last_error or Exception("Unknown API error")
  File "/Users/atharvnaphade/Code/Research/creativity/repo/sampling-limits-neurips/scripts/../src/models/api_model.py", line 49, in generate
    response.raise_for_status()
  File "/Users/atharvnaphade/Code/Research/creativity/repo/sampling-limits-neurips/.venv/lib/python3.12/site-packages/requests/models.py", line 1026, in raise_for_status
    raise HTTPError(http_error_msg, response=self)
requests.exceptions.HTTPError: 400 Client Error: Bad Request for url: https://openrouter.ai/api/v1/chat/completions
[2026-01-01 02:17:42,777][__main__][ERROR] - Error processing item 101: 400 Client Error: Bad Request for url: https://openrouter.ai/api/v1/chat/completions
Traceback (most recent call last):
  File "/Users/atharvnaphade/Code/Research/creativity/repo/sampling-limits-neurips/scripts/run_experiment.py", line 37, in process_item
    output, prompt_used = run_sampling(model, prompt, cfg.method)
                          ^^^^^^^^^^^^^^^^^^^^^^^^^^^^^^^^^^^^^^^
  File "/Users/atharvnaphade/Code/Research/creativity/repo/sampling-limits-neurips/scripts/../src/sampling/engine.py", line 20, in run_sampling
    return model.generate(prompt_used, **method_config), prompt_used
           ^^^^^^^^^^^^^^^^^^^^^^^^^^^^^^^^^^^^^^^^^^^^
  File "/Users/atharvnaphade/Code/Research/creativity/repo/sampling-limits-neurips/scripts/../src/models/api_model.py", line 73, in generate
    raise last_error or Exception("Unknown API error")
  File "/Users/atharvnaphade/Code/Research/creativity/repo/sampling-limits-neurips/scripts/../src/models/api_model.py", line 49, in generate
    response.raise_for_status()
  File "/Users/atharvnaphade/Code/Research/creativity/repo/sampling-limits-neurips/.venv/lib/python3.12/site-packages/requests/models.py", line 1026, in raise_for_status
    raise HTTPError(http_error_msg, response=self)
requests.exceptions.HTTPError: 400 Client Error: Bad Request for url: https://openrouter.ai/api/v1/chat/completions
[2026-01-01 02:17:42,969][__main__][ERROR] - Error processing item 106: 400 Client Error: Bad Request for url: https://openrouter.ai/api/v1/chat/completions
Traceback (most recent call last):
  File "/Users/atharvnaphade/Code/Research/creativity/repo/sampling-limits-neurips/scripts/run_experiment.py", line 37, in process_item
    output, prompt_used = run_sampling(model, prompt, cfg.method)
                          ^^^^^^^^^^^^^^^^^^^^^^^^^^^^^^^^^^^^^^^
  File "/Users/atharvnaphade/Code/Research/creativity/repo/sampling-limits-neurips/scripts/../src/sampling/engine.py", line 20, in run_sampling
    return model.generate(prompt_used, **method_config), prompt_used
           ^^^^^^^^^^^^^^^^^^^^^^^^^^^^^^^^^^^^^^^^^^^^
  File "/Users/atharvnaphade/Code/Research/creativity/repo/sampling-limits-neurips/scripts/../src/models/api_model.py", line 73, in generate
    raise last_error or Exception("Unknown API error")
  File "/Users/atharvnaphade/Code/Research/creativity/repo/sampling-limits-neurips/scripts/../src/models/api_model.py", line 49, in generate
    response.raise_for_status()
  File "/Users/atharvnaphade/Code/Research/creativity/repo/sampling-limits-neurips/.venv/lib/python3.12/site-packages/requests/models.py", line 1026, in raise_for_status
    raise HTTPError(http_error_msg, response=self)
requests.exceptions.HTTPError: 400 Client Error: Bad Request for url: https://openrouter.ai/api/v1/chat/completions
[2026-01-01 02:17:42,988][__main__][ERROR] - Error processing item 108: 400 Client Error: Bad Request for url: https://openrouter.ai/api/v1/chat/completions
Traceback (most recent call last):
  File "/Users/atharvnaphade/Code/Research/creativity/repo/sampling-limits-neurips/scripts/run_experiment.py", line 37, in process_item
    output, prompt_used = run_sampling(model, prompt, cfg.method)
                          ^^^^^^^^^^^^^^^^^^^^^^^^^^^^^^^^^^^^^^^
  File "/Users/atharvnaphade/Code/Research/creativity/repo/sampling-limits-neurips/scripts/../src/sampling/engine.py", line 20, in run_sampling
    return model.generate(prompt_used, **method_config), prompt_used
           ^^^^^^^^^^^^^^^^^^^^^^^^^^^^^^^^^^^^^^^^^^^^
  File "/Users/atharvnaphade/Code/Research/creativity/repo/sampling-limits-neurips/scripts/../src/models/api_model.py", line 73, in generate
    raise last_error or Exception("Unknown API error")
  File "/Users/atharvnaphade/Code/Research/creativity/repo/sampling-limits-neurips/scripts/../src/models/api_model.py", line 49, in generate
    response.raise_for_status()
  File "/Users/atharvnaphade/Code/Research/creativity/repo/sampling-limits-neurips/.venv/lib/python3.12/site-packages/requests/models.py", line 1026, in raise_for_status
    raise HTTPError(http_error_msg, response=self)
requests.exceptions.HTTPError: 400 Client Error: Bad Request for url: https://openrouter.ai/api/v1/chat/completions
[2026-01-01 02:17:43,014][__main__][ERROR] - Error processing item 105: 400 Client Error: Bad Request for url: https://openrouter.ai/api/v1/chat/completions
Traceback (most recent call last):
  File "/Users/atharvnaphade/Code/Research/creativity/repo/sampling-limits-neurips/scripts/run_experiment.py", line 37, in process_item
    output, prompt_used = run_sampling(model, prompt, cfg.method)
                          ^^^^^^^^^^^^^^^^^^^^^^^^^^^^^^^^^^^^^^^
  File "/Users/atharvnaphade/Code/Research/creativity/repo/sampling-limits-neurips/scripts/../src/sampling/engine.py", line 20, in run_sampling
    return model.generate(prompt_used, **method_config), prompt_used
           ^^^^^^^^^^^^^^^^^^^^^^^^^^^^^^^^^^^^^^^^^^^^
  File "/Users/atharvnaphade/Code/Research/creativity/repo/sampling-limits-neurips/scripts/../src/models/api_model.py", line 73, in generate
    raise last_error or Exception("Unknown API error")
  File "/Users/atharvnaphade/Code/Research/creativity/repo/sampling-limits-neurips/scripts/../src/models/api_model.py", line 49, in generate
    response.raise_for_status()
  File "/Users/atharvnaphade/Code/Research/creativity/repo/sampling-limits-neurips/.venv/lib/python3.12/site-packages/requests/models.py", line 1026, in raise_for_status
    raise HTTPError(http_error_msg, response=self)
requests.exceptions.HTTPError: 400 Client Error: Bad Request for url: https://openrouter.ai/api/v1/chat/completions
[2026-01-01 02:17:43,015][__main__][ERROR] - Error processing item 104: 400 Client Error: Bad Request for url: https://openrouter.ai/api/v1/chat/completions
Traceback (most recent call last):
  File "/Users/atharvnaphade/Code/Research/creativity/repo/sampling-limits-neurips/scripts/run_experiment.py", line 37, in process_item
    output, prompt_used = run_sampling(model, prompt, cfg.method)
                          ^^^^^^^^^^^^^^^^^^^^^^^^^^^^^^^^^^^^^^^
  File "/Users/atharvnaphade/Code/Research/creativity/repo/sampling-limits-neurips/scripts/../src/sampling/engine.py", line 20, in run_sampling
    return model.generate(prompt_used, **method_config), prompt_used
           ^^^^^^^^^^^^^^^^^^^^^^^^^^^^^^^^^^^^^^^^^^^^
  File "/Users/atharvnaphade/Code/Research/creativity/repo/sampling-limits-neurips/scripts/../src/models/api_model.py", line 73, in generate
    raise last_error or Exception("Unknown API error")
  File "/Users/atharvnaphade/Code/Research/creativity/repo/sampling-limits-neurips/scripts/../src/models/api_model.py", line 49, in generate
    response.raise_for_status()
  File "/Users/atharvnaphade/Code/Research/creativity/repo/sampling-limits-neurips/.venv/lib/python3.12/site-packages/requests/models.py", line 1026, in raise_for_status
    raise HTTPError(http_error_msg, response=self)
requests.exceptions.HTTPError: 400 Client Error: Bad Request for url: https://openrouter.ai/api/v1/chat/completions
[2026-01-01 02:17:43,016][__main__][ERROR] - Error processing item 103: 400 Client Error: Bad Request for url: https://openrouter.ai/api/v1/chat/completions
Traceback (most recent call last):
  File "/Users/atharvnaphade/Code/Research/creativity/repo/sampling-limits-neurips/scripts/run_experiment.py", line 37, in process_item
    output, prompt_used = run_sampling(model, prompt, cfg.method)
                          ^^^^^^^^^^^^^^^^^^^^^^^^^^^^^^^^^^^^^^^
  File "/Users/atharvnaphade/Code/Research/creativity/repo/sampling-limits-neurips/scripts/../src/sampling/engine.py", line 20, in run_sampling
    return model.generate(prompt_used, **method_config), prompt_used
           ^^^^^^^^^^^^^^^^^^^^^^^^^^^^^^^^^^^^^^^^^^^^
  File "/Users/atharvnaphade/Code/Research/creativity/repo/sampling-limits-neurips/scripts/../src/models/api_model.py", line 73, in generate
    raise last_error or Exception("Unknown API error")
  File "/Users/atharvnaphade/Code/Research/creativity/repo/sampling-limits-neurips/scripts/../src/models/api_model.py", line 49, in generate
    response.raise_for_status()
  File "/Users/atharvnaphade/Code/Research/creativity/repo/sampling-limits-neurips/.venv/lib/python3.12/site-packages/requests/models.py", line 1026, in raise_for_status
    raise HTTPError(http_error_msg, response=self)
requests.exceptions.HTTPError: 400 Client Error: Bad Request for url: https://openrouter.ai/api/v1/chat/completions
[2026-01-01 02:17:43,019][__main__][ERROR] - Error processing item 107: 400 Client Error: Bad Request for url: https://openrouter.ai/api/v1/chat/completions
Traceback (most recent call last):
  File "/Users/atharvnaphade/Code/Research/creativity/repo/sampling-limits-neurips/scripts/run_experiment.py", line 37, in process_item
    output, prompt_used = run_sampling(model, prompt, cfg.method)
                          ^^^^^^^^^^^^^^^^^^^^^^^^^^^^^^^^^^^^^^^
  File "/Users/atharvnaphade/Code/Research/creativity/repo/sampling-limits-neurips/scripts/../src/sampling/engine.py", line 20, in run_sampling
    return model.generate(prompt_used, **method_config), prompt_used
           ^^^^^^^^^^^^^^^^^^^^^^^^^^^^^^^^^^^^^^^^^^^^
  File "/Users/atharvnaphade/Code/Research/creativity/repo/sampling-limits-neurips/scripts/../src/models/api_model.py", line 73, in generate
    raise last_error or Exception("Unknown API error")
  File "/Users/atharvnaphade/Code/Research/creativity/repo/sampling-limits-neurips/scripts/../src/models/api_model.py", line 49, in generate
    response.raise_for_status()
  File "/Users/atharvnaphade/Code/Research/creativity/repo/sampling-limits-neurips/.venv/lib/python3.12/site-packages/requests/models.py", line 1026, in raise_for_status
    raise HTTPError(http_error_msg, response=self)
requests.exceptions.HTTPError: 400 Client Error: Bad Request for url: https://openrouter.ai/api/v1/chat/completions
[2026-01-01 02:17:43,021][__main__][ERROR] - Error processing item 135: 400 Client Error: Bad Request for url: https://openrouter.ai/api/v1/chat/completions
Traceback (most recent call last):
  File "/Users/atharvnaphade/Code/Research/creativity/repo/sampling-limits-neurips/scripts/run_experiment.py", line 37, in process_item
    output, prompt_used = run_sampling(model, prompt, cfg.method)
                          ^^^^^^^^^^^^^^^^^^^^^^^^^^^^^^^^^^^^^^^
  File "/Users/atharvnaphade/Code/Research/creativity/repo/sampling-limits-neurips/scripts/../src/sampling/engine.py", line 20, in run_sampling
    return model.generate(prompt_used, **method_config), prompt_used
           ^^^^^^^^^^^^^^^^^^^^^^^^^^^^^^^^^^^^^^^^^^^^
  File "/Users/atharvnaphade/Code/Research/creativity/repo/sampling-limits-neurips/scripts/../src/models/api_model.py", line 73, in generate
    raise last_error or Exception("Unknown API error")
  File "/Users/atharvnaphade/Code/Research/creativity/repo/sampling-limits-neurips/scripts/../src/models/api_model.py", line 49, in generate
    response.raise_for_status()
  File "/Users/atharvnaphade/Code/Research/creativity/repo/sampling-limits-neurips/.venv/lib/python3.12/site-packages/requests/models.py", line 1026, in raise_for_status
    raise HTTPError(http_error_msg, response=self)
requests.exceptions.HTTPError: 400 Client Error: Bad Request for url: https://openrouter.ai/api/v1/chat/completions
[2026-01-01 02:17:43,022][__main__][ERROR] - Error processing item 115: 400 Client Error: Bad Request for url: https://openrouter.ai/api/v1/chat/completions
Traceback (most recent call last):
  File "/Users/atharvnaphade/Code/Research/creativity/repo/sampling-limits-neurips/scripts/run_experiment.py", line 37, in process_item
    output, prompt_used = run_sampling(model, prompt, cfg.method)
                          ^^^^^^^^^^^^^^^^^^^^^^^^^^^^^^^^^^^^^^^
  File "/Users/atharvnaphade/Code/Research/creativity/repo/sampling-limits-neurips/scripts/../src/sampling/engine.py", line 20, in run_sampling
    return model.generate(prompt_used, **method_config), prompt_used
           ^^^^^^^^^^^^^^^^^^^^^^^^^^^^^^^^^^^^^^^^^^^^
  File "/Users/atharvnaphade/Code/Research/creativity/repo/sampling-limits-neurips/scripts/../src/models/api_model.py", line 73, in generate
    raise last_error or Exception("Unknown API error")
  File "/Users/atharvnaphade/Code/Research/creativity/repo/sampling-limits-neurips/scripts/../src/models/api_model.py", line 49, in generate
    response.raise_for_status()
  File "/Users/atharvnaphade/Code/Research/creativity/repo/sampling-limits-neurips/.venv/lib/python3.12/site-packages/requests/models.py", line 1026, in raise_for_status
    raise HTTPError(http_error_msg, response=self)
requests.exceptions.HTTPError: 400 Client Error: Bad Request for url: https://openrouter.ai/api/v1/chat/completions
[2026-01-01 02:17:43,023][__main__][ERROR] - Error processing item 141: 400 Client Error: Bad Request for url: https://openrouter.ai/api/v1/chat/completions
Traceback (most recent call last):
  File "/Users/atharvnaphade/Code/Research/creativity/repo/sampling-limits-neurips/scripts/run_experiment.py", line 37, in process_item
    output, prompt_used = run_sampling(model, prompt, cfg.method)
                          ^^^^^^^^^^^^^^^^^^^^^^^^^^^^^^^^^^^^^^^
  File "/Users/atharvnaphade/Code/Research/creativity/repo/sampling-limits-neurips/scripts/../src/sampling/engine.py", line 20, in run_sampling
    return model.generate(prompt_used, **method_config), prompt_used
           ^^^^^^^^^^^^^^^^^^^^^^^^^^^^^^^^^^^^^^^^^^^^
  File "/Users/atharvnaphade/Code/Research/creativity/repo/sampling-limits-neurips/scripts/../src/models/api_model.py", line 73, in generate
    raise last_error or Exception("Unknown API error")
  File "/Users/atharvnaphade/Code/Research/creativity/repo/sampling-limits-neurips/scripts/../src/models/api_model.py", line 49, in generate
    response.raise_for_status()
  File "/Users/atharvnaphade/Code/Research/creativity/repo/sampling-limits-neurips/.venv/lib/python3.12/site-packages/requests/models.py", line 1026, in raise_for_status
    raise HTTPError(http_error_msg, response=self)
requests.exceptions.HTTPError: 400 Client Error: Bad Request for url: https://openrouter.ai/api/v1/chat/completions
[2026-01-01 02:17:43,036][__main__][ERROR] - Error processing item 111: 400 Client Error: Bad Request for url: https://openrouter.ai/api/v1/chat/completions
Traceback (most recent call last):
  File "/Users/atharvnaphade/Code/Research/creativity/repo/sampling-limits-neurips/scripts/run_experiment.py", line 37, in process_item
    output, prompt_used = run_sampling(model, prompt, cfg.method)
                          ^^^^^^^^^^^^^^^^^^^^^^^^^^^^^^^^^^^^^^^
  File "/Users/atharvnaphade/Code/Research/creativity/repo/sampling-limits-neurips/scripts/../src/sampling/engine.py", line 20, in run_sampling
    return model.generate(prompt_used, **method_config), prompt_used
           ^^^^^^^^^^^^^^^^^^^^^^^^^^^^^^^^^^^^^^^^^^^^
  File "/Users/atharvnaphade/Code/Research/creativity/repo/sampling-limits-neurips/scripts/../src/models/api_model.py", line 73, in generate
    raise last_error or Exception("Unknown API error")
  File "/Users/atharvnaphade/Code/Research/creativity/repo/sampling-limits-neurips/scripts/../src/models/api_model.py", line 49, in generate
    response.raise_for_status()
  File "/Users/atharvnaphade/Code/Research/creativity/repo/sampling-limits-neurips/.venv/lib/python3.12/site-packages/requests/models.py", line 1026, in raise_for_status
    raise HTTPError(http_error_msg, response=self)
requests.exceptions.HTTPError: 400 Client Error: Bad Request for url: https://openrouter.ai/api/v1/chat/completions
[2026-01-01 02:17:43,045][__main__][ERROR] - Error processing item 113: 400 Client Error: Bad Request for url: https://openrouter.ai/api/v1/chat/completions
Traceback (most recent call last):
  File "/Users/atharvnaphade/Code/Research/creativity/repo/sampling-limits-neurips/scripts/run_experiment.py", line 37, in process_item
    output, prompt_used = run_sampling(model, prompt, cfg.method)
                          ^^^^^^^^^^^^^^^^^^^^^^^^^^^^^^^^^^^^^^^
  File "/Users/atharvnaphade/Code/Research/creativity/repo/sampling-limits-neurips/scripts/../src/sampling/engine.py", line 20, in run_sampling
    return model.generate(prompt_used, **method_config), prompt_used
           ^^^^^^^^^^^^^^^^^^^^^^^^^^^^^^^^^^^^^^^^^^^^
  File "/Users/atharvnaphade/Code/Research/creativity/repo/sampling-limits-neurips/scripts/../src/models/api_model.py", line 73, in generate
    raise last_error or Exception("Unknown API error")
  File "/Users/atharvnaphade/Code/Research/creativity/repo/sampling-limits-neurips/scripts/../src/models/api_model.py", line 49, in generate
    response.raise_for_status()
  File "/Users/atharvnaphade/Code/Research/creativity/repo/sampling-limits-neurips/.venv/lib/python3.12/site-packages/requests/models.py", line 1026, in raise_for_status
    raise HTTPError(http_error_msg, response=self)
requests.exceptions.HTTPError: 400 Client Error: Bad Request for url: https://openrouter.ai/api/v1/chat/completions
[2026-01-01 02:17:43,055][__main__][ERROR] - Error processing item 123: 400 Client Error: Bad Request for url: https://openrouter.ai/api/v1/chat/completions
Traceback (most recent call last):
  File "/Users/atharvnaphade/Code/Research/creativity/repo/sampling-limits-neurips/scripts/run_experiment.py", line 37, in process_item
    output, prompt_used = run_sampling(model, prompt, cfg.method)
                          ^^^^^^^^^^^^^^^^^^^^^^^^^^^^^^^^^^^^^^^
  File "/Users/atharvnaphade/Code/Research/creativity/repo/sampling-limits-neurips/scripts/../src/sampling/engine.py", line 20, in run_sampling
    return model.generate(prompt_used, **method_config), prompt_used
           ^^^^^^^^^^^^^^^^^^^^^^^^^^^^^^^^^^^^^^^^^^^^
  File "/Users/atharvnaphade/Code/Research/creativity/repo/sampling-limits-neurips/scripts/../src/models/api_model.py", line 73, in generate
    raise last_error or Exception("Unknown API error")
  File "/Users/atharvnaphade/Code/Research/creativity/repo/sampling-limits-neurips/scripts/../src/models/api_model.py", line 49, in generate
    response.raise_for_status()
  File "/Users/atharvnaphade/Code/Research/creativity/repo/sampling-limits-neurips/.venv/lib/python3.12/site-packages/requests/models.py", line 1026, in raise_for_status
    raise HTTPError(http_error_msg, response=self)
requests.exceptions.HTTPError: 400 Client Error: Bad Request for url: https://openrouter.ai/api/v1/chat/completions
[2026-01-01 02:17:43,059][__main__][ERROR] - Error processing item 129: 400 Client Error: Bad Request for url: https://openrouter.ai/api/v1/chat/completions
Traceback (most recent call last):
  File "/Users/atharvnaphade/Code/Research/creativity/repo/sampling-limits-neurips/scripts/run_experiment.py", line 37, in process_item
    output, prompt_used = run_sampling(model, prompt, cfg.method)
                          ^^^^^^^^^^^^^^^^^^^^^^^^^^^^^^^^^^^^^^^
  File "/Users/atharvnaphade/Code/Research/creativity/repo/sampling-limits-neurips/scripts/../src/sampling/engine.py", line 20, in run_sampling
    return model.generate(prompt_used, **method_config), prompt_used
           ^^^^^^^^^^^^^^^^^^^^^^^^^^^^^^^^^^^^^^^^^^^^
  File "/Users/atharvnaphade/Code/Research/creativity/repo/sampling-limits-neurips/scripts/../src/models/api_model.py", line 73, in generate
    raise last_error or Exception("Unknown API error")
  File "/Users/atharvnaphade/Code/Research/creativity/repo/sampling-limits-neurips/scripts/../src/models/api_model.py", line 49, in generate
    response.raise_for_status()
  File "/Users/atharvnaphade/Code/Research/creativity/repo/sampling-limits-neurips/.venv/lib/python3.12/site-packages/requests/models.py", line 1026, in raise_for_status
    raise HTTPError(http_error_msg, response=self)
requests.exceptions.HTTPError: 400 Client Error: Bad Request for url: https://openrouter.ai/api/v1/chat/completions
[2026-01-01 02:17:43,061][__main__][ERROR] - Error processing item 131: 400 Client Error: Bad Request for url: https://openrouter.ai/api/v1/chat/completions
Traceback (most recent call last):
  File "/Users/atharvnaphade/Code/Research/creativity/repo/sampling-limits-neurips/scripts/run_experiment.py", line 37, in process_item
    output, prompt_used = run_sampling(model, prompt, cfg.method)
                          ^^^^^^^^^^^^^^^^^^^^^^^^^^^^^^^^^^^^^^^
  File "/Users/atharvnaphade/Code/Research/creativity/repo/sampling-limits-neurips/scripts/../src/sampling/engine.py", line 20, in run_sampling
    return model.generate(prompt_used, **method_config), prompt_used
           ^^^^^^^^^^^^^^^^^^^^^^^^^^^^^^^^^^^^^^^^^^^^
  File "/Users/atharvnaphade/Code/Research/creativity/repo/sampling-limits-neurips/scripts/../src/models/api_model.py", line 73, in generate
    raise last_error or Exception("Unknown API error")
  File "/Users/atharvnaphade/Code/Research/creativity/repo/sampling-limits-neurips/scripts/../src/models/api_model.py", line 49, in generate
    response.raise_for_status()
  File "/Users/atharvnaphade/Code/Research/creativity/repo/sampling-limits-neurips/.venv/lib/python3.12/site-packages/requests/models.py", line 1026, in raise_for_status
    raise HTTPError(http_error_msg, response=self)
requests.exceptions.HTTPError: 400 Client Error: Bad Request for url: https://openrouter.ai/api/v1/chat/completions
[2026-01-01 02:17:43,062][__main__][ERROR] - Error processing item 139: 400 Client Error: Bad Request for url: https://openrouter.ai/api/v1/chat/completions
Traceback (most recent call last):
  File "/Users/atharvnaphade/Code/Research/creativity/repo/sampling-limits-neurips/scripts/run_experiment.py", line 37, in process_item
    output, prompt_used = run_sampling(model, prompt, cfg.method)
                          ^^^^^^^^^^^^^^^^^^^^^^^^^^^^^^^^^^^^^^^
  File "/Users/atharvnaphade/Code/Research/creativity/repo/sampling-limits-neurips/scripts/../src/sampling/engine.py", line 20, in run_sampling
    return model.generate(prompt_used, **method_config), prompt_used
           ^^^^^^^^^^^^^^^^^^^^^^^^^^^^^^^^^^^^^^^^^^^^
  File "/Users/atharvnaphade/Code/Research/creativity/repo/sampling-limits-neurips/scripts/../src/models/api_model.py", line 73, in generate
    raise last_error or Exception("Unknown API error")
  File "/Users/atharvnaphade/Code/Research/creativity/repo/sampling-limits-neurips/scripts/../src/models/api_model.py", line 49, in generate
    response.raise_for_status()
  File "/Users/atharvnaphade/Code/Research/creativity/repo/sampling-limits-neurips/.venv/lib/python3.12/site-packages/requests/models.py", line 1026, in raise_for_status
    raise HTTPError(http_error_msg, response=self)
requests.exceptions.HTTPError: 400 Client Error: Bad Request for url: https://openrouter.ai/api/v1/chat/completions
[2026-01-01 02:17:43,064][__main__][ERROR] - Error processing item 132: 400 Client Error: Bad Request for url: https://openrouter.ai/api/v1/chat/completions
Traceback (most recent call last):
  File "/Users/atharvnaphade/Code/Research/creativity/repo/sampling-limits-neurips/scripts/run_experiment.py", line 37, in process_item
    output, prompt_used = run_sampling(model, prompt, cfg.method)
                          ^^^^^^^^^^^^^^^^^^^^^^^^^^^^^^^^^^^^^^^
  File "/Users/atharvnaphade/Code/Research/creativity/repo/sampling-limits-neurips/scripts/../src/sampling/engine.py", line 20, in run_sampling
    return model.generate(prompt_used, **method_config), prompt_used
           ^^^^^^^^^^^^^^^^^^^^^^^^^^^^^^^^^^^^^^^^^^^^
  File "/Users/atharvnaphade/Code/Research/creativity/repo/sampling-limits-neurips/scripts/../src/models/api_model.py", line 73, in generate
    raise last_error or Exception("Unknown API error")
  File "/Users/atharvnaphade/Code/Research/creativity/repo/sampling-limits-neurips/scripts/../src/models/api_model.py", line 49, in generate
    response.raise_for_status()
  File "/Users/atharvnaphade/Code/Research/creativity/repo/sampling-limits-neurips/.venv/lib/python3.12/site-packages/requests/models.py", line 1026, in raise_for_status
    raise HTTPError(http_error_msg, response=self)
requests.exceptions.HTTPError: 400 Client Error: Bad Request for url: https://openrouter.ai/api/v1/chat/completions
[2026-01-01 02:17:43,064][__main__][ERROR] - Error processing item 138: 400 Client Error: Bad Request for url: https://openrouter.ai/api/v1/chat/completions
Traceback (most recent call last):
  File "/Users/atharvnaphade/Code/Research/creativity/repo/sampling-limits-neurips/scripts/run_experiment.py", line 37, in process_item
    output, prompt_used = run_sampling(model, prompt, cfg.method)
                          ^^^^^^^^^^^^^^^^^^^^^^^^^^^^^^^^^^^^^^^
  File "/Users/atharvnaphade/Code/Research/creativity/repo/sampling-limits-neurips/scripts/../src/sampling/engine.py", line 20, in run_sampling
    return model.generate(prompt_used, **method_config), prompt_used
           ^^^^^^^^^^^^^^^^^^^^^^^^^^^^^^^^^^^^^^^^^^^^
  File "/Users/atharvnaphade/Code/Research/creativity/repo/sampling-limits-neurips/scripts/../src/models/api_model.py", line 73, in generate
    raise last_error or Exception("Unknown API error")
  File "/Users/atharvnaphade/Code/Research/creativity/repo/sampling-limits-neurips/scripts/../src/models/api_model.py", line 49, in generate
    response.raise_for_status()
  File "/Users/atharvnaphade/Code/Research/creativity/repo/sampling-limits-neurips/.venv/lib/python3.12/site-packages/requests/models.py", line 1026, in raise_for_status
    raise HTTPError(http_error_msg, response=self)
requests.exceptions.HTTPError: 400 Client Error: Bad Request for url: https://openrouter.ai/api/v1/chat/completions
[2026-01-01 02:17:43,066][__main__][ERROR] - Error processing item 127: 400 Client Error: Bad Request for url: https://openrouter.ai/api/v1/chat/completions
Traceback (most recent call last):
  File "/Users/atharvnaphade/Code/Research/creativity/repo/sampling-limits-neurips/scripts/run_experiment.py", line 37, in process_item
    output, prompt_used = run_sampling(model, prompt, cfg.method)
                          ^^^^^^^^^^^^^^^^^^^^^^^^^^^^^^^^^^^^^^^
  File "/Users/atharvnaphade/Code/Research/creativity/repo/sampling-limits-neurips/scripts/../src/sampling/engine.py", line 20, in run_sampling
    return model.generate(prompt_used, **method_config), prompt_used
           ^^^^^^^^^^^^^^^^^^^^^^^^^^^^^^^^^^^^^^^^^^^^
  File "/Users/atharvnaphade/Code/Research/creativity/repo/sampling-limits-neurips/scripts/../src/models/api_model.py", line 73, in generate
    raise last_error or Exception("Unknown API error")
  File "/Users/atharvnaphade/Code/Research/creativity/repo/sampling-limits-neurips/scripts/../src/models/api_model.py", line 49, in generate
    response.raise_for_status()
  File "/Users/atharvnaphade/Code/Research/creativity/repo/sampling-limits-neurips/.venv/lib/python3.12/site-packages/requests/models.py", line 1026, in raise_for_status
    raise HTTPError(http_error_msg, response=self)
requests.exceptions.HTTPError: 400 Client Error: Bad Request for url: https://openrouter.ai/api/v1/chat/completions
[2026-01-01 02:17:43,067][__main__][ERROR] - Error processing item 134: 400 Client Error: Bad Request for url: https://openrouter.ai/api/v1/chat/completions
Traceback (most recent call last):
  File "/Users/atharvnaphade/Code/Research/creativity/repo/sampling-limits-neurips/scripts/run_experiment.py", line 37, in process_item
    output, prompt_used = run_sampling(model, prompt, cfg.method)
                          ^^^^^^^^^^^^^^^^^^^^^^^^^^^^^^^^^^^^^^^
  File "/Users/atharvnaphade/Code/Research/creativity/repo/sampling-limits-neurips/scripts/../src/sampling/engine.py", line 20, in run_sampling
    return model.generate(prompt_used, **method_config), prompt_used
           ^^^^^^^^^^^^^^^^^^^^^^^^^^^^^^^^^^^^^^^^^^^^
  File "/Users/atharvnaphade/Code/Research/creativity/repo/sampling-limits-neurips/scripts/../src/models/api_model.py", line 73, in generate
    raise last_error or Exception("Unknown API error")
  File "/Users/atharvnaphade/Code/Research/creativity/repo/sampling-limits-neurips/scripts/../src/models/api_model.py", line 49, in generate
    response.raise_for_status()
  File "/Users/atharvnaphade/Code/Research/creativity/repo/sampling-limits-neurips/.venv/lib/python3.12/site-packages/requests/models.py", line 1026, in raise_for_status
    raise HTTPError(http_error_msg, response=self)
requests.exceptions.HTTPError: 400 Client Error: Bad Request for url: https://openrouter.ai/api/v1/chat/completions
[2026-01-01 02:17:43,079][__main__][ERROR] - Error processing item 133: 400 Client Error: Bad Request for url: https://openrouter.ai/api/v1/chat/completions
Traceback (most recent call last):
  File "/Users/atharvnaphade/Code/Research/creativity/repo/sampling-limits-neurips/scripts/run_experiment.py", line 37, in process_item
    output, prompt_used = run_sampling(model, prompt, cfg.method)
                          ^^^^^^^^^^^^^^^^^^^^^^^^^^^^^^^^^^^^^^^
  File "/Users/atharvnaphade/Code/Research/creativity/repo/sampling-limits-neurips/scripts/../src/sampling/engine.py", line 20, in run_sampling
    return model.generate(prompt_used, **method_config), prompt_used
           ^^^^^^^^^^^^^^^^^^^^^^^^^^^^^^^^^^^^^^^^^^^^
  File "/Users/atharvnaphade/Code/Research/creativity/repo/sampling-limits-neurips/scripts/../src/models/api_model.py", line 73, in generate
    raise last_error or Exception("Unknown API error")
  File "/Users/atharvnaphade/Code/Research/creativity/repo/sampling-limits-neurips/scripts/../src/models/api_model.py", line 49, in generate
    response.raise_for_status()
  File "/Users/atharvnaphade/Code/Research/creativity/repo/sampling-limits-neurips/.venv/lib/python3.12/site-packages/requests/models.py", line 1026, in raise_for_status
    raise HTTPError(http_error_msg, response=self)
requests.exceptions.HTTPError: 400 Client Error: Bad Request for url: https://openrouter.ai/api/v1/chat/completions
[2026-01-01 02:17:43,084][__main__][ERROR] - Error processing item 114: 400 Client Error: Bad Request for url: https://openrouter.ai/api/v1/chat/completions
Traceback (most recent call last):
  File "/Users/atharvnaphade/Code/Research/creativity/repo/sampling-limits-neurips/scripts/run_experiment.py", line 37, in process_item
    output, prompt_used = run_sampling(model, prompt, cfg.method)
                          ^^^^^^^^^^^^^^^^^^^^^^^^^^^^^^^^^^^^^^^
  File "/Users/atharvnaphade/Code/Research/creativity/repo/sampling-limits-neurips/scripts/../src/sampling/engine.py", line 20, in run_sampling
    return model.generate(prompt_used, **method_config), prompt_used
           ^^^^^^^^^^^^^^^^^^^^^^^^^^^^^^^^^^^^^^^^^^^^
  File "/Users/atharvnaphade/Code/Research/creativity/repo/sampling-limits-neurips/scripts/../src/models/api_model.py", line 73, in generate
    raise last_error or Exception("Unknown API error")
  File "/Users/atharvnaphade/Code/Research/creativity/repo/sampling-limits-neurips/scripts/../src/models/api_model.py", line 49, in generate
    response.raise_for_status()
  File "/Users/atharvnaphade/Code/Research/creativity/repo/sampling-limits-neurips/.venv/lib/python3.12/site-packages/requests/models.py", line 1026, in raise_for_status
    raise HTTPError(http_error_msg, response=self)
requests.exceptions.HTTPError: 400 Client Error: Bad Request for url: https://openrouter.ai/api/v1/chat/completions
[2026-01-01 02:17:43,086][__main__][ERROR] - Error processing item 124: 400 Client Error: Bad Request for url: https://openrouter.ai/api/v1/chat/completions
Traceback (most recent call last):
  File "/Users/atharvnaphade/Code/Research/creativity/repo/sampling-limits-neurips/scripts/run_experiment.py", line 37, in process_item
    output, prompt_used = run_sampling(model, prompt, cfg.method)
                          ^^^^^^^^^^^^^^^^^^^^^^^^^^^^^^^^^^^^^^^
  File "/Users/atharvnaphade/Code/Research/creativity/repo/sampling-limits-neurips/scripts/../src/sampling/engine.py", line 20, in run_sampling
    return model.generate(prompt_used, **method_config), prompt_used
           ^^^^^^^^^^^^^^^^^^^^^^^^^^^^^^^^^^^^^^^^^^^^
  File "/Users/atharvnaphade/Code/Research/creativity/repo/sampling-limits-neurips/scripts/../src/models/api_model.py", line 73, in generate
    raise last_error or Exception("Unknown API error")
  File "/Users/atharvnaphade/Code/Research/creativity/repo/sampling-limits-neurips/scripts/../src/models/api_model.py", line 49, in generate
    response.raise_for_status()
  File "/Users/atharvnaphade/Code/Research/creativity/repo/sampling-limits-neurips/.venv/lib/python3.12/site-packages/requests/models.py", line 1026, in raise_for_status
    raise HTTPError(http_error_msg, response=self)
requests.exceptions.HTTPError: 400 Client Error: Bad Request for url: https://openrouter.ai/api/v1/chat/completions
[2026-01-01 02:17:43,087][__main__][ERROR] - Error processing item 121: 400 Client Error: Bad Request for url: https://openrouter.ai/api/v1/chat/completions
Traceback (most recent call last):
  File "/Users/atharvnaphade/Code/Research/creativity/repo/sampling-limits-neurips/scripts/run_experiment.py", line 37, in process_item
    output, prompt_used = run_sampling(model, prompt, cfg.method)
                          ^^^^^^^^^^^^^^^^^^^^^^^^^^^^^^^^^^^^^^^
  File "/Users/atharvnaphade/Code/Research/creativity/repo/sampling-limits-neurips/scripts/../src/sampling/engine.py", line 20, in run_sampling
    return model.generate(prompt_used, **method_config), prompt_used
           ^^^^^^^^^^^^^^^^^^^^^^^^^^^^^^^^^^^^^^^^^^^^
  File "/Users/atharvnaphade/Code/Research/creativity/repo/sampling-limits-neurips/scripts/../src/models/api_model.py", line 73, in generate
    raise last_error or Exception("Unknown API error")
  File "/Users/atharvnaphade/Code/Research/creativity/repo/sampling-limits-neurips/scripts/../src/models/api_model.py", line 49, in generate
    response.raise_for_status()
  File "/Users/atharvnaphade/Code/Research/creativity/repo/sampling-limits-neurips/.venv/lib/python3.12/site-packages/requests/models.py", line 1026, in raise_for_status
    raise HTTPError(http_error_msg, response=self)
requests.exceptions.HTTPError: 400 Client Error: Bad Request for url: https://openrouter.ai/api/v1/chat/completions
[2026-01-01 02:17:43,089][__main__][ERROR] - Error processing item 122: 400 Client Error: Bad Request for url: https://openrouter.ai/api/v1/chat/completions
Traceback (most recent call last):
  File "/Users/atharvnaphade/Code/Research/creativity/repo/sampling-limits-neurips/scripts/run_experiment.py", line 37, in process_item
    output, prompt_used = run_sampling(model, prompt, cfg.method)
                          ^^^^^^^^^^^^^^^^^^^^^^^^^^^^^^^^^^^^^^^
  File "/Users/atharvnaphade/Code/Research/creativity/repo/sampling-limits-neurips/scripts/../src/sampling/engine.py", line 20, in run_sampling
    return model.generate(prompt_used, **method_config), prompt_used
           ^^^^^^^^^^^^^^^^^^^^^^^^^^^^^^^^^^^^^^^^^^^^
  File "/Users/atharvnaphade/Code/Research/creativity/repo/sampling-limits-neurips/scripts/../src/models/api_model.py", line 73, in generate
    raise last_error or Exception("Unknown API error")
  File "/Users/atharvnaphade/Code/Research/creativity/repo/sampling-limits-neurips/scripts/../src/models/api_model.py", line 49, in generate
    response.raise_for_status()
  File "/Users/atharvnaphade/Code/Research/creativity/repo/sampling-limits-neurips/.venv/lib/python3.12/site-packages/requests/models.py", line 1026, in raise_for_status
    raise HTTPError(http_error_msg, response=self)
requests.exceptions.HTTPError: 400 Client Error: Bad Request for url: https://openrouter.ai/api/v1/chat/completions
[2026-01-01 02:17:43,092][__main__][ERROR] - Error processing item 110: 400 Client Error: Bad Request for url: https://openrouter.ai/api/v1/chat/completions
Traceback (most recent call last):
  File "/Users/atharvnaphade/Code/Research/creativity/repo/sampling-limits-neurips/scripts/run_experiment.py", line 37, in process_item
    output, prompt_used = run_sampling(model, prompt, cfg.method)
                          ^^^^^^^^^^^^^^^^^^^^^^^^^^^^^^^^^^^^^^^
  File "/Users/atharvnaphade/Code/Research/creativity/repo/sampling-limits-neurips/scripts/../src/sampling/engine.py", line 20, in run_sampling
    return model.generate(prompt_used, **method_config), prompt_used
           ^^^^^^^^^^^^^^^^^^^^^^^^^^^^^^^^^^^^^^^^^^^^
  File "/Users/atharvnaphade/Code/Research/creativity/repo/sampling-limits-neurips/scripts/../src/models/api_model.py", line 73, in generate
    raise last_error or Exception("Unknown API error")
  File "/Users/atharvnaphade/Code/Research/creativity/repo/sampling-limits-neurips/scripts/../src/models/api_model.py", line 49, in generate
    response.raise_for_status()
  File "/Users/atharvnaphade/Code/Research/creativity/repo/sampling-limits-neurips/.venv/lib/python3.12/site-packages/requests/models.py", line 1026, in raise_for_status
    raise HTTPError(http_error_msg, response=self)
requests.exceptions.HTTPError: 400 Client Error: Bad Request for url: https://openrouter.ai/api/v1/chat/completions
[2026-01-01 02:17:43,094][__main__][ERROR] - Error processing item 144: 400 Client Error: Bad Request for url: https://openrouter.ai/api/v1/chat/completions
Traceback (most recent call last):
  File "/Users/atharvnaphade/Code/Research/creativity/repo/sampling-limits-neurips/scripts/run_experiment.py", line 37, in process_item
    output, prompt_used = run_sampling(model, prompt, cfg.method)
                          ^^^^^^^^^^^^^^^^^^^^^^^^^^^^^^^^^^^^^^^
  File "/Users/atharvnaphade/Code/Research/creativity/repo/sampling-limits-neurips/scripts/../src/sampling/engine.py", line 20, in run_sampling
    return model.generate(prompt_used, **method_config), prompt_used
           ^^^^^^^^^^^^^^^^^^^^^^^^^^^^^^^^^^^^^^^^^^^^
  File "/Users/atharvnaphade/Code/Research/creativity/repo/sampling-limits-neurips/scripts/../src/models/api_model.py", line 73, in generate
    raise last_error or Exception("Unknown API error")
  File "/Users/atharvnaphade/Code/Research/creativity/repo/sampling-limits-neurips/scripts/../src/models/api_model.py", line 49, in generate
    response.raise_for_status()
  File "/Users/atharvnaphade/Code/Research/creativity/repo/sampling-limits-neurips/.venv/lib/python3.12/site-packages/requests/models.py", line 1026, in raise_for_status
    raise HTTPError(http_error_msg, response=self)
requests.exceptions.HTTPError: 400 Client Error: Bad Request for url: https://openrouter.ai/api/v1/chat/completions
[2026-01-01 02:17:43,097][__main__][ERROR] - Error processing item 119: 400 Client Error: Bad Request for url: https://openrouter.ai/api/v1/chat/completions
Traceback (most recent call last):
  File "/Users/atharvnaphade/Code/Research/creativity/repo/sampling-limits-neurips/scripts/run_experiment.py", line 37, in process_item
    output, prompt_used = run_sampling(model, prompt, cfg.method)
                          ^^^^^^^^^^^^^^^^^^^^^^^^^^^^^^^^^^^^^^^
  File "/Users/atharvnaphade/Code/Research/creativity/repo/sampling-limits-neurips/scripts/../src/sampling/engine.py", line 20, in run_sampling
    return model.generate(prompt_used, **method_config), prompt_used
           ^^^^^^^^^^^^^^^^^^^^^^^^^^^^^^^^^^^^^^^^^^^^
  File "/Users/atharvnaphade/Code/Research/creativity/repo/sampling-limits-neurips/scripts/../src/models/api_model.py", line 73, in generate
    raise last_error or Exception("Unknown API error")
  File "/Users/atharvnaphade/Code/Research/creativity/repo/sampling-limits-neurips/scripts/../src/models/api_model.py", line 49, in generate
    response.raise_for_status()
  File "/Users/atharvnaphade/Code/Research/creativity/repo/sampling-limits-neurips/.venv/lib/python3.12/site-packages/requests/models.py", line 1026, in raise_for_status
    raise HTTPError(http_error_msg, response=self)
requests.exceptions.HTTPError: 400 Client Error: Bad Request for url: https://openrouter.ai/api/v1/chat/completions
[2026-01-01 02:17:43,100][__main__][ERROR] - Error processing item 112: 400 Client Error: Bad Request for url: https://openrouter.ai/api/v1/chat/completions
Traceback (most recent call last):
  File "/Users/atharvnaphade/Code/Research/creativity/repo/sampling-limits-neurips/scripts/run_experiment.py", line 37, in process_item
    output, prompt_used = run_sampling(model, prompt, cfg.method)
                          ^^^^^^^^^^^^^^^^^^^^^^^^^^^^^^^^^^^^^^^
  File "/Users/atharvnaphade/Code/Research/creativity/repo/sampling-limits-neurips/scripts/../src/sampling/engine.py", line 20, in run_sampling
    return model.generate(prompt_used, **method_config), prompt_used
           ^^^^^^^^^^^^^^^^^^^^^^^^^^^^^^^^^^^^^^^^^^^^
  File "/Users/atharvnaphade/Code/Research/creativity/repo/sampling-limits-neurips/scripts/../src/models/api_model.py", line 73, in generate
    raise last_error or Exception("Unknown API error")
  File "/Users/atharvnaphade/Code/Research/creativity/repo/sampling-limits-neurips/scripts/../src/models/api_model.py", line 49, in generate
    response.raise_for_status()
  File "/Users/atharvnaphade/Code/Research/creativity/repo/sampling-limits-neurips/.venv/lib/python3.12/site-packages/requests/models.py", line 1026, in raise_for_status
    raise HTTPError(http_error_msg, response=self)
requests.exceptions.HTTPError: 400 Client Error: Bad Request for url: https://openrouter.ai/api/v1/chat/completions
[2026-01-01 02:17:43,103][__main__][ERROR] - Error processing item 116: 400 Client Error: Bad Request for url: https://openrouter.ai/api/v1/chat/completions
Traceback (most recent call last):
  File "/Users/atharvnaphade/Code/Research/creativity/repo/sampling-limits-neurips/scripts/run_experiment.py", line 37, in process_item
    output, prompt_used = run_sampling(model, prompt, cfg.method)
                          ^^^^^^^^^^^^^^^^^^^^^^^^^^^^^^^^^^^^^^^
  File "/Users/atharvnaphade/Code/Research/creativity/repo/sampling-limits-neurips/scripts/../src/sampling/engine.py", line 20, in run_sampling
    return model.generate(prompt_used, **method_config), prompt_used
           ^^^^^^^^^^^^^^^^^^^^^^^^^^^^^^^^^^^^^^^^^^^^
  File "/Users/atharvnaphade/Code/Research/creativity/repo/sampling-limits-neurips/scripts/../src/models/api_model.py", line 73, in generate
    raise last_error or Exception("Unknown API error")
  File "/Users/atharvnaphade/Code/Research/creativity/repo/sampling-limits-neurips/scripts/../src/models/api_model.py", line 49, in generate
    response.raise_for_status()
  File "/Users/atharvnaphade/Code/Research/creativity/repo/sampling-limits-neurips/.venv/lib/python3.12/site-packages/requests/models.py", line 1026, in raise_for_status
    raise HTTPError(http_error_msg, response=self)
requests.exceptions.HTTPError: 400 Client Error: Bad Request for url: https://openrouter.ai/api/v1/chat/completions
[2026-01-01 02:17:43,104][__main__][ERROR] - Error processing item 117: 400 Client Error: Bad Request for url: https://openrouter.ai/api/v1/chat/completions
Traceback (most recent call last):
  File "/Users/atharvnaphade/Code/Research/creativity/repo/sampling-limits-neurips/scripts/run_experiment.py", line 37, in process_item
    output, prompt_used = run_sampling(model, prompt, cfg.method)
                          ^^^^^^^^^^^^^^^^^^^^^^^^^^^^^^^^^^^^^^^
  File "/Users/atharvnaphade/Code/Research/creativity/repo/sampling-limits-neurips/scripts/../src/sampling/engine.py", line 20, in run_sampling
    return model.generate(prompt_used, **method_config), prompt_used
           ^^^^^^^^^^^^^^^^^^^^^^^^^^^^^^^^^^^^^^^^^^^^
  File "/Users/atharvnaphade/Code/Research/creativity/repo/sampling-limits-neurips/scripts/../src/models/api_model.py", line 73, in generate
    raise last_error or Exception("Unknown API error")
  File "/Users/atharvnaphade/Code/Research/creativity/repo/sampling-limits-neurips/scripts/../src/models/api_model.py", line 49, in generate
    response.raise_for_status()
  File "/Users/atharvnaphade/Code/Research/creativity/repo/sampling-limits-neurips/.venv/lib/python3.12/site-packages/requests/models.py", line 1026, in raise_for_status
    raise HTTPError(http_error_msg, response=self)
requests.exceptions.HTTPError: 400 Client Error: Bad Request for url: https://openrouter.ai/api/v1/chat/completions
[2026-01-01 02:17:43,106][__main__][ERROR] - Error processing item 109: 400 Client Error: Bad Request for url: https://openrouter.ai/api/v1/chat/completions
Traceback (most recent call last):
  File "/Users/atharvnaphade/Code/Research/creativity/repo/sampling-limits-neurips/scripts/run_experiment.py", line 37, in process_item
    output, prompt_used = run_sampling(model, prompt, cfg.method)
                          ^^^^^^^^^^^^^^^^^^^^^^^^^^^^^^^^^^^^^^^
  File "/Users/atharvnaphade/Code/Research/creativity/repo/sampling-limits-neurips/scripts/../src/sampling/engine.py", line 20, in run_sampling
    return model.generate(prompt_used, **method_config), prompt_used
           ^^^^^^^^^^^^^^^^^^^^^^^^^^^^^^^^^^^^^^^^^^^^
  File "/Users/atharvnaphade/Code/Research/creativity/repo/sampling-limits-neurips/scripts/../src/models/api_model.py", line 73, in generate
    raise last_error or Exception("Unknown API error")
  File "/Users/atharvnaphade/Code/Research/creativity/repo/sampling-limits-neurips/scripts/../src/models/api_model.py", line 49, in generate
    response.raise_for_status()
  File "/Users/atharvnaphade/Code/Research/creativity/repo/sampling-limits-neurips/.venv/lib/python3.12/site-packages/requests/models.py", line 1026, in raise_for_status
    raise HTTPError(http_error_msg, response=self)
requests.exceptions.HTTPError: 400 Client Error: Bad Request for url: https://openrouter.ai/api/v1/chat/completions
[2026-01-01 02:17:43,107][__main__][ERROR] - Error processing item 128: 400 Client Error: Bad Request for url: https://openrouter.ai/api/v1/chat/completions
Traceback (most recent call last):
  File "/Users/atharvnaphade/Code/Research/creativity/repo/sampling-limits-neurips/scripts/run_experiment.py", line 37, in process_item
    output, prompt_used = run_sampling(model, prompt, cfg.method)
                          ^^^^^^^^^^^^^^^^^^^^^^^^^^^^^^^^^^^^^^^
  File "/Users/atharvnaphade/Code/Research/creativity/repo/sampling-limits-neurips/scripts/../src/sampling/engine.py", line 20, in run_sampling
    return model.generate(prompt_used, **method_config), prompt_used
           ^^^^^^^^^^^^^^^^^^^^^^^^^^^^^^^^^^^^^^^^^^^^
  File "/Users/atharvnaphade/Code/Research/creativity/repo/sampling-limits-neurips/scripts/../src/models/api_model.py", line 73, in generate
    raise last_error or Exception("Unknown API error")
  File "/Users/atharvnaphade/Code/Research/creativity/repo/sampling-limits-neurips/scripts/../src/models/api_model.py", line 49, in generate
    response.raise_for_status()
  File "/Users/atharvnaphade/Code/Research/creativity/repo/sampling-limits-neurips/.venv/lib/python3.12/site-packages/requests/models.py", line 1026, in raise_for_status
    raise HTTPError(http_error_msg, response=self)
requests.exceptions.HTTPError: 400 Client Error: Bad Request for url: https://openrouter.ai/api/v1/chat/completions
[2026-01-01 02:17:43,108][__main__][ERROR] - Error processing item 136: 400 Client Error: Bad Request for url: https://openrouter.ai/api/v1/chat/completions
Traceback (most recent call last):
  File "/Users/atharvnaphade/Code/Research/creativity/repo/sampling-limits-neurips/scripts/run_experiment.py", line 37, in process_item
    output, prompt_used = run_sampling(model, prompt, cfg.method)
                          ^^^^^^^^^^^^^^^^^^^^^^^^^^^^^^^^^^^^^^^
  File "/Users/atharvnaphade/Code/Research/creativity/repo/sampling-limits-neurips/scripts/../src/sampling/engine.py", line 20, in run_sampling
    return model.generate(prompt_used, **method_config), prompt_used
           ^^^^^^^^^^^^^^^^^^^^^^^^^^^^^^^^^^^^^^^^^^^^
  File "/Users/atharvnaphade/Code/Research/creativity/repo/sampling-limits-neurips/scripts/../src/models/api_model.py", line 73, in generate
    raise last_error or Exception("Unknown API error")
  File "/Users/atharvnaphade/Code/Research/creativity/repo/sampling-limits-neurips/scripts/../src/models/api_model.py", line 49, in generate
    response.raise_for_status()
  File "/Users/atharvnaphade/Code/Research/creativity/repo/sampling-limits-neurips/.venv/lib/python3.12/site-packages/requests/models.py", line 1026, in raise_for_status
    raise HTTPError(http_error_msg, response=self)
requests.exceptions.HTTPError: 400 Client Error: Bad Request for url: https://openrouter.ai/api/v1/chat/completions
[2026-01-01 02:17:43,109][__main__][ERROR] - Error processing item 145: 400 Client Error: Bad Request for url: https://openrouter.ai/api/v1/chat/completions
Traceback (most recent call last):
  File "/Users/atharvnaphade/Code/Research/creativity/repo/sampling-limits-neurips/scripts/run_experiment.py", line 37, in process_item
    output, prompt_used = run_sampling(model, prompt, cfg.method)
                          ^^^^^^^^^^^^^^^^^^^^^^^^^^^^^^^^^^^^^^^
  File "/Users/atharvnaphade/Code/Research/creativity/repo/sampling-limits-neurips/scripts/../src/sampling/engine.py", line 20, in run_sampling
    return model.generate(prompt_used, **method_config), prompt_used
           ^^^^^^^^^^^^^^^^^^^^^^^^^^^^^^^^^^^^^^^^^^^^
  File "/Users/atharvnaphade/Code/Research/creativity/repo/sampling-limits-neurips/scripts/../src/models/api_model.py", line 73, in generate
    raise last_error or Exception("Unknown API error")
  File "/Users/atharvnaphade/Code/Research/creativity/repo/sampling-limits-neurips/scripts/../src/models/api_model.py", line 49, in generate
    response.raise_for_status()
  File "/Users/atharvnaphade/Code/Research/creativity/repo/sampling-limits-neurips/.venv/lib/python3.12/site-packages/requests/models.py", line 1026, in raise_for_status
    raise HTTPError(http_error_msg, response=self)
requests.exceptions.HTTPError: 400 Client Error: Bad Request for url: https://openrouter.ai/api/v1/chat/completions
[2026-01-01 02:17:43,110][__main__][ERROR] - Error processing item 120: 400 Client Error: Bad Request for url: https://openrouter.ai/api/v1/chat/completions
Traceback (most recent call last):
  File "/Users/atharvnaphade/Code/Research/creativity/repo/sampling-limits-neurips/scripts/run_experiment.py", line 37, in process_item
    output, prompt_used = run_sampling(model, prompt, cfg.method)
                          ^^^^^^^^^^^^^^^^^^^^^^^^^^^^^^^^^^^^^^^
  File "/Users/atharvnaphade/Code/Research/creativity/repo/sampling-limits-neurips/scripts/../src/sampling/engine.py", line 20, in run_sampling
    return model.generate(prompt_used, **method_config), prompt_used
           ^^^^^^^^^^^^^^^^^^^^^^^^^^^^^^^^^^^^^^^^^^^^
  File "/Users/atharvnaphade/Code/Research/creativity/repo/sampling-limits-neurips/scripts/../src/models/api_model.py", line 73, in generate
    raise last_error or Exception("Unknown API error")
  File "/Users/atharvnaphade/Code/Research/creativity/repo/sampling-limits-neurips/scripts/../src/models/api_model.py", line 49, in generate
    response.raise_for_status()
  File "/Users/atharvnaphade/Code/Research/creativity/repo/sampling-limits-neurips/.venv/lib/python3.12/site-packages/requests/models.py", line 1026, in raise_for_status
    raise HTTPError(http_error_msg, response=self)
requests.exceptions.HTTPError: 400 Client Error: Bad Request for url: https://openrouter.ai/api/v1/chat/completions
[2026-01-01 02:17:43,111][__main__][ERROR] - Error processing item 142: 400 Client Error: Bad Request for url: https://openrouter.ai/api/v1/chat/completions
Traceback (most recent call last):
  File "/Users/atharvnaphade/Code/Research/creativity/repo/sampling-limits-neurips/scripts/run_experiment.py", line 37, in process_item
    output, prompt_used = run_sampling(model, prompt, cfg.method)
                          ^^^^^^^^^^^^^^^^^^^^^^^^^^^^^^^^^^^^^^^
  File "/Users/atharvnaphade/Code/Research/creativity/repo/sampling-limits-neurips/scripts/../src/sampling/engine.py", line 20, in run_sampling
    return model.generate(prompt_used, **method_config), prompt_used
           ^^^^^^^^^^^^^^^^^^^^^^^^^^^^^^^^^^^^^^^^^^^^
  File "/Users/atharvnaphade/Code/Research/creativity/repo/sampling-limits-neurips/scripts/../src/models/api_model.py", line 73, in generate
    raise last_error or Exception("Unknown API error")
  File "/Users/atharvnaphade/Code/Research/creativity/repo/sampling-limits-neurips/scripts/../src/models/api_model.py", line 49, in generate
    response.raise_for_status()
  File "/Users/atharvnaphade/Code/Research/creativity/repo/sampling-limits-neurips/.venv/lib/python3.12/site-packages/requests/models.py", line 1026, in raise_for_status
    raise HTTPError(http_error_msg, response=self)
requests.exceptions.HTTPError: 400 Client Error: Bad Request for url: https://openrouter.ai/api/v1/chat/completions
[2026-01-01 02:17:43,114][__main__][ERROR] - Error processing item 148: 400 Client Error: Bad Request for url: https://openrouter.ai/api/v1/chat/completions
Traceback (most recent call last):
  File "/Users/atharvnaphade/Code/Research/creativity/repo/sampling-limits-neurips/scripts/run_experiment.py", line 37, in process_item
    output, prompt_used = run_sampling(model, prompt, cfg.method)
                          ^^^^^^^^^^^^^^^^^^^^^^^^^^^^^^^^^^^^^^^
  File "/Users/atharvnaphade/Code/Research/creativity/repo/sampling-limits-neurips/scripts/../src/sampling/engine.py", line 20, in run_sampling
    return model.generate(prompt_used, **method_config), prompt_used
           ^^^^^^^^^^^^^^^^^^^^^^^^^^^^^^^^^^^^^^^^^^^^
  File "/Users/atharvnaphade/Code/Research/creativity/repo/sampling-limits-neurips/scripts/../src/models/api_model.py", line 73, in generate
    raise last_error or Exception("Unknown API error")
  File "/Users/atharvnaphade/Code/Research/creativity/repo/sampling-limits-neurips/scripts/../src/models/api_model.py", line 49, in generate
    response.raise_for_status()
  File "/Users/atharvnaphade/Code/Research/creativity/repo/sampling-limits-neurips/.venv/lib/python3.12/site-packages/requests/models.py", line 1026, in raise_for_status
    raise HTTPError(http_error_msg, response=self)
requests.exceptions.HTTPError: 400 Client Error: Bad Request for url: https://openrouter.ai/api/v1/chat/completions
[2026-01-01 02:17:43,130][__main__][ERROR] - Error processing item 126: 400 Client Error: Bad Request for url: https://openrouter.ai/api/v1/chat/completions
Traceback (most recent call last):
  File "/Users/atharvnaphade/Code/Research/creativity/repo/sampling-limits-neurips/scripts/run_experiment.py", line 37, in process_item
    output, prompt_used = run_sampling(model, prompt, cfg.method)
                          ^^^^^^^^^^^^^^^^^^^^^^^^^^^^^^^^^^^^^^^
  File "/Users/atharvnaphade/Code/Research/creativity/repo/sampling-limits-neurips/scripts/../src/sampling/engine.py", line 20, in run_sampling
    return model.generate(prompt_used, **method_config), prompt_used
           ^^^^^^^^^^^^^^^^^^^^^^^^^^^^^^^^^^^^^^^^^^^^
  File "/Users/atharvnaphade/Code/Research/creativity/repo/sampling-limits-neurips/scripts/../src/models/api_model.py", line 73, in generate
    raise last_error or Exception("Unknown API error")
  File "/Users/atharvnaphade/Code/Research/creativity/repo/sampling-limits-neurips/scripts/../src/models/api_model.py", line 49, in generate
    response.raise_for_status()
  File "/Users/atharvnaphade/Code/Research/creativity/repo/sampling-limits-neurips/.venv/lib/python3.12/site-packages/requests/models.py", line 1026, in raise_for_status
    raise HTTPError(http_error_msg, response=self)
requests.exceptions.HTTPError: 400 Client Error: Bad Request for url: https://openrouter.ai/api/v1/chat/completions
[2026-01-01 02:17:43,132][__main__][ERROR] - Error processing item 146: 400 Client Error: Bad Request for url: https://openrouter.ai/api/v1/chat/completions
Traceback (most recent call last):
  File "/Users/atharvnaphade/Code/Research/creativity/repo/sampling-limits-neurips/scripts/run_experiment.py", line 37, in process_item
    output, prompt_used = run_sampling(model, prompt, cfg.method)
                          ^^^^^^^^^^^^^^^^^^^^^^^^^^^^^^^^^^^^^^^
  File "/Users/atharvnaphade/Code/Research/creativity/repo/sampling-limits-neurips/scripts/../src/sampling/engine.py", line 20, in run_sampling
    return model.generate(prompt_used, **method_config), prompt_used
           ^^^^^^^^^^^^^^^^^^^^^^^^^^^^^^^^^^^^^^^^^^^^
  File "/Users/atharvnaphade/Code/Research/creativity/repo/sampling-limits-neurips/scripts/../src/models/api_model.py", line 73, in generate
    raise last_error or Exception("Unknown API error")
  File "/Users/atharvnaphade/Code/Research/creativity/repo/sampling-limits-neurips/scripts/../src/models/api_model.py", line 49, in generate
    response.raise_for_status()
  File "/Users/atharvnaphade/Code/Research/creativity/repo/sampling-limits-neurips/.venv/lib/python3.12/site-packages/requests/models.py", line 1026, in raise_for_status
    raise HTTPError(http_error_msg, response=self)
requests.exceptions.HTTPError: 400 Client Error: Bad Request for url: https://openrouter.ai/api/v1/chat/completions
[2026-01-01 02:17:43,133][__main__][ERROR] - Error processing item 137: 400 Client Error: Bad Request for url: https://openrouter.ai/api/v1/chat/completions
Traceback (most recent call last):
  File "/Users/atharvnaphade/Code/Research/creativity/repo/sampling-limits-neurips/scripts/run_experiment.py", line 37, in process_item
    output, prompt_used = run_sampling(model, prompt, cfg.method)
                          ^^^^^^^^^^^^^^^^^^^^^^^^^^^^^^^^^^^^^^^
  File "/Users/atharvnaphade/Code/Research/creativity/repo/sampling-limits-neurips/scripts/../src/sampling/engine.py", line 20, in run_sampling
    return model.generate(prompt_used, **method_config), prompt_used
           ^^^^^^^^^^^^^^^^^^^^^^^^^^^^^^^^^^^^^^^^^^^^
  File "/Users/atharvnaphade/Code/Research/creativity/repo/sampling-limits-neurips/scripts/../src/models/api_model.py", line 73, in generate
    raise last_error or Exception("Unknown API error")
  File "/Users/atharvnaphade/Code/Research/creativity/repo/sampling-limits-neurips/scripts/../src/models/api_model.py", line 49, in generate
    response.raise_for_status()
  File "/Users/atharvnaphade/Code/Research/creativity/repo/sampling-limits-neurips/.venv/lib/python3.12/site-packages/requests/models.py", line 1026, in raise_for_status
    raise HTTPError(http_error_msg, response=self)
requests.exceptions.HTTPError: 400 Client Error: Bad Request for url: https://openrouter.ai/api/v1/chat/completions
[2026-01-01 02:17:43,135][__main__][ERROR] - Error processing item 143: 400 Client Error: Bad Request for url: https://openrouter.ai/api/v1/chat/completions
Traceback (most recent call last):
  File "/Users/atharvnaphade/Code/Research/creativity/repo/sampling-limits-neurips/scripts/run_experiment.py", line 37, in process_item
    output, prompt_used = run_sampling(model, prompt, cfg.method)
                          ^^^^^^^^^^^^^^^^^^^^^^^^^^^^^^^^^^^^^^^
  File "/Users/atharvnaphade/Code/Research/creativity/repo/sampling-limits-neurips/scripts/../src/sampling/engine.py", line 20, in run_sampling
    return model.generate(prompt_used, **method_config), prompt_used
           ^^^^^^^^^^^^^^^^^^^^^^^^^^^^^^^^^^^^^^^^^^^^
  File "/Users/atharvnaphade/Code/Research/creativity/repo/sampling-limits-neurips/scripts/../src/models/api_model.py", line 73, in generate
    raise last_error or Exception("Unknown API error")
  File "/Users/atharvnaphade/Code/Research/creativity/repo/sampling-limits-neurips/scripts/../src/models/api_model.py", line 49, in generate
    response.raise_for_status()
  File "/Users/atharvnaphade/Code/Research/creativity/repo/sampling-limits-neurips/.venv/lib/python3.12/site-packages/requests/models.py", line 1026, in raise_for_status
    raise HTTPError(http_error_msg, response=self)
requests.exceptions.HTTPError: 400 Client Error: Bad Request for url: https://openrouter.ai/api/v1/chat/completions
[2026-01-01 02:17:43,138][__main__][ERROR] - Error processing item 118: 400 Client Error: Bad Request for url: https://openrouter.ai/api/v1/chat/completions
Traceback (most recent call last):
  File "/Users/atharvnaphade/Code/Research/creativity/repo/sampling-limits-neurips/scripts/run_experiment.py", line 37, in process_item
    output, prompt_used = run_sampling(model, prompt, cfg.method)
                          ^^^^^^^^^^^^^^^^^^^^^^^^^^^^^^^^^^^^^^^
  File "/Users/atharvnaphade/Code/Research/creativity/repo/sampling-limits-neurips/scripts/../src/sampling/engine.py", line 20, in run_sampling
    return model.generate(prompt_used, **method_config), prompt_used
           ^^^^^^^^^^^^^^^^^^^^^^^^^^^^^^^^^^^^^^^^^^^^
  File "/Users/atharvnaphade/Code/Research/creativity/repo/sampling-limits-neurips/scripts/../src/models/api_model.py", line 73, in generate
    raise last_error or Exception("Unknown API error")
  File "/Users/atharvnaphade/Code/Research/creativity/repo/sampling-limits-neurips/scripts/../src/models/api_model.py", line 49, in generate
    response.raise_for_status()
  File "/Users/atharvnaphade/Code/Research/creativity/repo/sampling-limits-neurips/.venv/lib/python3.12/site-packages/requests/models.py", line 1026, in raise_for_status
    raise HTTPError(http_error_msg, response=self)
requests.exceptions.HTTPError: 400 Client Error: Bad Request for url: https://openrouter.ai/api/v1/chat/completions
[2026-01-01 02:17:43,140][__main__][ERROR] - Error processing item 149: 400 Client Error: Bad Request for url: https://openrouter.ai/api/v1/chat/completions
Traceback (most recent call last):
  File "/Users/atharvnaphade/Code/Research/creativity/repo/sampling-limits-neurips/scripts/run_experiment.py", line 37, in process_item
    output, prompt_used = run_sampling(model, prompt, cfg.method)
                          ^^^^^^^^^^^^^^^^^^^^^^^^^^^^^^^^^^^^^^^
  File "/Users/atharvnaphade/Code/Research/creativity/repo/sampling-limits-neurips/scripts/../src/sampling/engine.py", line 20, in run_sampling
    return model.generate(prompt_used, **method_config), prompt_used
           ^^^^^^^^^^^^^^^^^^^^^^^^^^^^^^^^^^^^^^^^^^^^
  File "/Users/atharvnaphade/Code/Research/creativity/repo/sampling-limits-neurips/scripts/../src/models/api_model.py", line 73, in generate
    raise last_error or Exception("Unknown API error")
  File "/Users/atharvnaphade/Code/Research/creativity/repo/sampling-limits-neurips/scripts/../src/models/api_model.py", line 49, in generate
    response.raise_for_status()
  File "/Users/atharvnaphade/Code/Research/creativity/repo/sampling-limits-neurips/.venv/lib/python3.12/site-packages/requests/models.py", line 1026, in raise_for_status
    raise HTTPError(http_error_msg, response=self)
requests.exceptions.HTTPError: 400 Client Error: Bad Request for url: https://openrouter.ai/api/v1/chat/completions
[2026-01-01 02:17:43,145][__main__][ERROR] - Error processing item 125: 400 Client Error: Bad Request for url: https://openrouter.ai/api/v1/chat/completions
Traceback (most recent call last):
  File "/Users/atharvnaphade/Code/Research/creativity/repo/sampling-limits-neurips/scripts/run_experiment.py", line 37, in process_item
    output, prompt_used = run_sampling(model, prompt, cfg.method)
                          ^^^^^^^^^^^^^^^^^^^^^^^^^^^^^^^^^^^^^^^
  File "/Users/atharvnaphade/Code/Research/creativity/repo/sampling-limits-neurips/scripts/../src/sampling/engine.py", line 20, in run_sampling
    return model.generate(prompt_used, **method_config), prompt_used
           ^^^^^^^^^^^^^^^^^^^^^^^^^^^^^^^^^^^^^^^^^^^^
  File "/Users/atharvnaphade/Code/Research/creativity/repo/sampling-limits-neurips/scripts/../src/models/api_model.py", line 73, in generate
    raise last_error or Exception("Unknown API error")
  File "/Users/atharvnaphade/Code/Research/creativity/repo/sampling-limits-neurips/scripts/../src/models/api_model.py", line 49, in generate
    response.raise_for_status()
  File "/Users/atharvnaphade/Code/Research/creativity/repo/sampling-limits-neurips/.venv/lib/python3.12/site-packages/requests/models.py", line 1026, in raise_for_status
    raise HTTPError(http_error_msg, response=self)
requests.exceptions.HTTPError: 400 Client Error: Bad Request for url: https://openrouter.ai/api/v1/chat/completions
[2026-01-01 02:17:43,253][__main__][ERROR] - Error processing item 130: 400 Client Error: Bad Request for url: https://openrouter.ai/api/v1/chat/completions
Traceback (most recent call last):
  File "/Users/atharvnaphade/Code/Research/creativity/repo/sampling-limits-neurips/scripts/run_experiment.py", line 37, in process_item
    output, prompt_used = run_sampling(model, prompt, cfg.method)
                          ^^^^^^^^^^^^^^^^^^^^^^^^^^^^^^^^^^^^^^^
  File "/Users/atharvnaphade/Code/Research/creativity/repo/sampling-limits-neurips/scripts/../src/sampling/engine.py", line 20, in run_sampling
    return model.generate(prompt_used, **method_config), prompt_used
           ^^^^^^^^^^^^^^^^^^^^^^^^^^^^^^^^^^^^^^^^^^^^
  File "/Users/atharvnaphade/Code/Research/creativity/repo/sampling-limits-neurips/scripts/../src/models/api_model.py", line 73, in generate
    raise last_error or Exception("Unknown API error")
  File "/Users/atharvnaphade/Code/Research/creativity/repo/sampling-limits-neurips/scripts/../src/models/api_model.py", line 49, in generate
    response.raise_for_status()
  File "/Users/atharvnaphade/Code/Research/creativity/repo/sampling-limits-neurips/.venv/lib/python3.12/site-packages/requests/models.py", line 1026, in raise_for_status
    raise HTTPError(http_error_msg, response=self)
requests.exceptions.HTTPError: 400 Client Error: Bad Request for url: https://openrouter.ai/api/v1/chat/completions
[2026-01-01 02:17:43,344][__main__][ERROR] - Error processing item 140: 400 Client Error: Bad Request for url: https://openrouter.ai/api/v1/chat/completions
Traceback (most recent call last):
  File "/Users/atharvnaphade/Code/Research/creativity/repo/sampling-limits-neurips/scripts/run_experiment.py", line 37, in process_item
    output, prompt_used = run_sampling(model, prompt, cfg.method)
                          ^^^^^^^^^^^^^^^^^^^^^^^^^^^^^^^^^^^^^^^
  File "/Users/atharvnaphade/Code/Research/creativity/repo/sampling-limits-neurips/scripts/../src/sampling/engine.py", line 20, in run_sampling
    return model.generate(prompt_used, **method_config), prompt_used
           ^^^^^^^^^^^^^^^^^^^^^^^^^^^^^^^^^^^^^^^^^^^^
  File "/Users/atharvnaphade/Code/Research/creativity/repo/sampling-limits-neurips/scripts/../src/models/api_model.py", line 73, in generate
    raise last_error or Exception("Unknown API error")
  File "/Users/atharvnaphade/Code/Research/creativity/repo/sampling-limits-neurips/scripts/../src/models/api_model.py", line 49, in generate
    response.raise_for_status()
  File "/Users/atharvnaphade/Code/Research/creativity/repo/sampling-limits-neurips/.venv/lib/python3.12/site-packages/requests/models.py", line 1026, in raise_for_status
    raise HTTPError(http_error_msg, response=self)
requests.exceptions.HTTPError: 400 Client Error: Bad Request for url: https://openrouter.ai/api/v1/chat/completions
[2026-01-01 02:17:43,368][__main__][ERROR] - Error processing item 147: 400 Client Error: Bad Request for url: https://openrouter.ai/api/v1/chat/completions
Traceback (most recent call last):
  File "/Users/atharvnaphade/Code/Research/creativity/repo/sampling-limits-neurips/scripts/run_experiment.py", line 37, in process_item
    output, prompt_used = run_sampling(model, prompt, cfg.method)
                          ^^^^^^^^^^^^^^^^^^^^^^^^^^^^^^^^^^^^^^^
  File "/Users/atharvnaphade/Code/Research/creativity/repo/sampling-limits-neurips/scripts/../src/sampling/engine.py", line 20, in run_sampling
    return model.generate(prompt_used, **method_config), prompt_used
           ^^^^^^^^^^^^^^^^^^^^^^^^^^^^^^^^^^^^^^^^^^^^
  File "/Users/atharvnaphade/Code/Research/creativity/repo/sampling-limits-neurips/scripts/../src/models/api_model.py", line 73, in generate
    raise last_error or Exception("Unknown API error")
  File "/Users/atharvnaphade/Code/Research/creativity/repo/sampling-limits-neurips/scripts/../src/models/api_model.py", line 49, in generate
    response.raise_for_status()
  File "/Users/atharvnaphade/Code/Research/creativity/repo/sampling-limits-neurips/.venv/lib/python3.12/site-packages/requests/models.py", line 1026, in raise_for_status
    raise HTTPError(http_error_msg, response=self)
requests.exceptions.HTTPError: 400 Client Error: Bad Request for url: https://openrouter.ai/api/v1/chat/completions
[2026-01-01 02:17:45,954][__main__][ERROR] - Error processing item 150: 400 Client Error: Bad Request for url: https://openrouter.ai/api/v1/chat/completions
Traceback (most recent call last):
  File "/Users/atharvnaphade/Code/Research/creativity/repo/sampling-limits-neurips/scripts/run_experiment.py", line 37, in process_item
    output, prompt_used = run_sampling(model, prompt, cfg.method)
                          ^^^^^^^^^^^^^^^^^^^^^^^^^^^^^^^^^^^^^^^
  File "/Users/atharvnaphade/Code/Research/creativity/repo/sampling-limits-neurips/scripts/../src/sampling/engine.py", line 20, in run_sampling
    return model.generate(prompt_used, **method_config), prompt_used
           ^^^^^^^^^^^^^^^^^^^^^^^^^^^^^^^^^^^^^^^^^^^^
  File "/Users/atharvnaphade/Code/Research/creativity/repo/sampling-limits-neurips/scripts/../src/models/api_model.py", line 73, in generate
    raise last_error or Exception("Unknown API error")
  File "/Users/atharvnaphade/Code/Research/creativity/repo/sampling-limits-neurips/scripts/../src/models/api_model.py", line 49, in generate
    response.raise_for_status()
  File "/Users/atharvnaphade/Code/Research/creativity/repo/sampling-limits-neurips/.venv/lib/python3.12/site-packages/requests/models.py", line 1026, in raise_for_status
    raise HTTPError(http_error_msg, response=self)
requests.exceptions.HTTPError: 400 Client Error: Bad Request for url: https://openrouter.ai/api/v1/chat/completions
[2026-01-01 02:17:45,992][__main__][ERROR] - Error processing item 152: 400 Client Error: Bad Request for url: https://openrouter.ai/api/v1/chat/completions
Traceback (most recent call last):
  File "/Users/atharvnaphade/Code/Research/creativity/repo/sampling-limits-neurips/scripts/run_experiment.py", line 37, in process_item
    output, prompt_used = run_sampling(model, prompt, cfg.method)
                          ^^^^^^^^^^^^^^^^^^^^^^^^^^^^^^^^^^^^^^^
  File "/Users/atharvnaphade/Code/Research/creativity/repo/sampling-limits-neurips/scripts/../src/sampling/engine.py", line 20, in run_sampling
    return model.generate(prompt_used, **method_config), prompt_used
           ^^^^^^^^^^^^^^^^^^^^^^^^^^^^^^^^^^^^^^^^^^^^
  File "/Users/atharvnaphade/Code/Research/creativity/repo/sampling-limits-neurips/scripts/../src/models/api_model.py", line 73, in generate
    raise last_error or Exception("Unknown API error")
  File "/Users/atharvnaphade/Code/Research/creativity/repo/sampling-limits-neurips/scripts/../src/models/api_model.py", line 49, in generate
    response.raise_for_status()
  File "/Users/atharvnaphade/Code/Research/creativity/repo/sampling-limits-neurips/.venv/lib/python3.12/site-packages/requests/models.py", line 1026, in raise_for_status
    raise HTTPError(http_error_msg, response=self)
requests.exceptions.HTTPError: 400 Client Error: Bad Request for url: https://openrouter.ai/api/v1/chat/completions
[2026-01-01 02:17:45,994][__main__][ERROR] - Error processing item 151: 400 Client Error: Bad Request for url: https://openrouter.ai/api/v1/chat/completions
Traceback (most recent call last):
  File "/Users/atharvnaphade/Code/Research/creativity/repo/sampling-limits-neurips/scripts/run_experiment.py", line 37, in process_item
    output, prompt_used = run_sampling(model, prompt, cfg.method)
                          ^^^^^^^^^^^^^^^^^^^^^^^^^^^^^^^^^^^^^^^
  File "/Users/atharvnaphade/Code/Research/creativity/repo/sampling-limits-neurips/scripts/../src/sampling/engine.py", line 20, in run_sampling
    return model.generate(prompt_used, **method_config), prompt_used
           ^^^^^^^^^^^^^^^^^^^^^^^^^^^^^^^^^^^^^^^^^^^^
  File "/Users/atharvnaphade/Code/Research/creativity/repo/sampling-limits-neurips/scripts/../src/models/api_model.py", line 73, in generate
    raise last_error or Exception("Unknown API error")
  File "/Users/atharvnaphade/Code/Research/creativity/repo/sampling-limits-neurips/scripts/../src/models/api_model.py", line 49, in generate
    response.raise_for_status()
  File "/Users/atharvnaphade/Code/Research/creativity/repo/sampling-limits-neurips/.venv/lib/python3.12/site-packages/requests/models.py", line 1026, in raise_for_status
    raise HTTPError(http_error_msg, response=self)
requests.exceptions.HTTPError: 400 Client Error: Bad Request for url: https://openrouter.ai/api/v1/chat/completions
[2026-01-01 02:17:46,288][__main__][ERROR] - Error processing item 159: 400 Client Error: Bad Request for url: https://openrouter.ai/api/v1/chat/completions
Traceback (most recent call last):
  File "/Users/atharvnaphade/Code/Research/creativity/repo/sampling-limits-neurips/scripts/run_experiment.py", line 37, in process_item
    output, prompt_used = run_sampling(model, prompt, cfg.method)
                          ^^^^^^^^^^^^^^^^^^^^^^^^^^^^^^^^^^^^^^^
  File "/Users/atharvnaphade/Code/Research/creativity/repo/sampling-limits-neurips/scripts/../src/sampling/engine.py", line 20, in run_sampling
    return model.generate(prompt_used, **method_config), prompt_used
           ^^^^^^^^^^^^^^^^^^^^^^^^^^^^^^^^^^^^^^^^^^^^
  File "/Users/atharvnaphade/Code/Research/creativity/repo/sampling-limits-neurips/scripts/../src/models/api_model.py", line 73, in generate
    raise last_error or Exception("Unknown API error")
  File "/Users/atharvnaphade/Code/Research/creativity/repo/sampling-limits-neurips/scripts/../src/models/api_model.py", line 49, in generate
    response.raise_for_status()
  File "/Users/atharvnaphade/Code/Research/creativity/repo/sampling-limits-neurips/.venv/lib/python3.12/site-packages/requests/models.py", line 1026, in raise_for_status
    raise HTTPError(http_error_msg, response=self)
requests.exceptions.HTTPError: 400 Client Error: Bad Request for url: https://openrouter.ai/api/v1/chat/completions
[2026-01-01 02:17:46,291][__main__][ERROR] - Error processing item 153: 400 Client Error: Bad Request for url: https://openrouter.ai/api/v1/chat/completions
Traceback (most recent call last):
  File "/Users/atharvnaphade/Code/Research/creativity/repo/sampling-limits-neurips/scripts/run_experiment.py", line 37, in process_item
    output, prompt_used = run_sampling(model, prompt, cfg.method)
                          ^^^^^^^^^^^^^^^^^^^^^^^^^^^^^^^^^^^^^^^
  File "/Users/atharvnaphade/Code/Research/creativity/repo/sampling-limits-neurips/scripts/../src/sampling/engine.py", line 20, in run_sampling
    return model.generate(prompt_used, **method_config), prompt_used
           ^^^^^^^^^^^^^^^^^^^^^^^^^^^^^^^^^^^^^^^^^^^^
  File "/Users/atharvnaphade/Code/Research/creativity/repo/sampling-limits-neurips/scripts/../src/models/api_model.py", line 73, in generate
    raise last_error or Exception("Unknown API error")
  File "/Users/atharvnaphade/Code/Research/creativity/repo/sampling-limits-neurips/scripts/../src/models/api_model.py", line 49, in generate
    response.raise_for_status()
  File "/Users/atharvnaphade/Code/Research/creativity/repo/sampling-limits-neurips/.venv/lib/python3.12/site-packages/requests/models.py", line 1026, in raise_for_status
    raise HTTPError(http_error_msg, response=self)
requests.exceptions.HTTPError: 400 Client Error: Bad Request for url: https://openrouter.ai/api/v1/chat/completions
[2026-01-01 02:17:46,309][__main__][ERROR] - Error processing item 156: 400 Client Error: Bad Request for url: https://openrouter.ai/api/v1/chat/completions
Traceback (most recent call last):
  File "/Users/atharvnaphade/Code/Research/creativity/repo/sampling-limits-neurips/scripts/run_experiment.py", line 37, in process_item
    output, prompt_used = run_sampling(model, prompt, cfg.method)
                          ^^^^^^^^^^^^^^^^^^^^^^^^^^^^^^^^^^^^^^^
  File "/Users/atharvnaphade/Code/Research/creativity/repo/sampling-limits-neurips/scripts/../src/sampling/engine.py", line 20, in run_sampling
    return model.generate(prompt_used, **method_config), prompt_used
           ^^^^^^^^^^^^^^^^^^^^^^^^^^^^^^^^^^^^^^^^^^^^
  File "/Users/atharvnaphade/Code/Research/creativity/repo/sampling-limits-neurips/scripts/../src/models/api_model.py", line 73, in generate
    raise last_error or Exception("Unknown API error")
  File "/Users/atharvnaphade/Code/Research/creativity/repo/sampling-limits-neurips/scripts/../src/models/api_model.py", line 49, in generate
    response.raise_for_status()
  File "/Users/atharvnaphade/Code/Research/creativity/repo/sampling-limits-neurips/.venv/lib/python3.12/site-packages/requests/models.py", line 1026, in raise_for_status
    raise HTTPError(http_error_msg, response=self)
requests.exceptions.HTTPError: 400 Client Error: Bad Request for url: https://openrouter.ai/api/v1/chat/completions
[2026-01-01 02:17:46,313][__main__][ERROR] - Error processing item 160: 400 Client Error: Bad Request for url: https://openrouter.ai/api/v1/chat/completions
Traceback (most recent call last):
  File "/Users/atharvnaphade/Code/Research/creativity/repo/sampling-limits-neurips/scripts/run_experiment.py", line 37, in process_item
    output, prompt_used = run_sampling(model, prompt, cfg.method)
                          ^^^^^^^^^^^^^^^^^^^^^^^^^^^^^^^^^^^^^^^
  File "/Users/atharvnaphade/Code/Research/creativity/repo/sampling-limits-neurips/scripts/../src/sampling/engine.py", line 20, in run_sampling
    return model.generate(prompt_used, **method_config), prompt_used
           ^^^^^^^^^^^^^^^^^^^^^^^^^^^^^^^^^^^^^^^^^^^^
  File "/Users/atharvnaphade/Code/Research/creativity/repo/sampling-limits-neurips/scripts/../src/models/api_model.py", line 73, in generate
    raise last_error or Exception("Unknown API error")
  File "/Users/atharvnaphade/Code/Research/creativity/repo/sampling-limits-neurips/scripts/../src/models/api_model.py", line 49, in generate
    response.raise_for_status()
  File "/Users/atharvnaphade/Code/Research/creativity/repo/sampling-limits-neurips/.venv/lib/python3.12/site-packages/requests/models.py", line 1026, in raise_for_status
    raise HTTPError(http_error_msg, response=self)
requests.exceptions.HTTPError: 400 Client Error: Bad Request for url: https://openrouter.ai/api/v1/chat/completions
[2026-01-01 02:17:46,314][__main__][ERROR] - Error processing item 158: 400 Client Error: Bad Request for url: https://openrouter.ai/api/v1/chat/completions
Traceback (most recent call last):
  File "/Users/atharvnaphade/Code/Research/creativity/repo/sampling-limits-neurips/scripts/run_experiment.py", line 37, in process_item
    output, prompt_used = run_sampling(model, prompt, cfg.method)
                          ^^^^^^^^^^^^^^^^^^^^^^^^^^^^^^^^^^^^^^^
  File "/Users/atharvnaphade/Code/Research/creativity/repo/sampling-limits-neurips/scripts/../src/sampling/engine.py", line 20, in run_sampling
    return model.generate(prompt_used, **method_config), prompt_used
           ^^^^^^^^^^^^^^^^^^^^^^^^^^^^^^^^^^^^^^^^^^^^
  File "/Users/atharvnaphade/Code/Research/creativity/repo/sampling-limits-neurips/scripts/../src/models/api_model.py", line 73, in generate
    raise last_error or Exception("Unknown API error")
  File "/Users/atharvnaphade/Code/Research/creativity/repo/sampling-limits-neurips/scripts/../src/models/api_model.py", line 49, in generate
    response.raise_for_status()
  File "/Users/atharvnaphade/Code/Research/creativity/repo/sampling-limits-neurips/.venv/lib/python3.12/site-packages/requests/models.py", line 1026, in raise_for_status
    raise HTTPError(http_error_msg, response=self)
requests.exceptions.HTTPError: 400 Client Error: Bad Request for url: https://openrouter.ai/api/v1/chat/completions
[2026-01-01 02:17:46,319][__main__][ERROR] - Error processing item 166: 400 Client Error: Bad Request for url: https://openrouter.ai/api/v1/chat/completions
Traceback (most recent call last):
  File "/Users/atharvnaphade/Code/Research/creativity/repo/sampling-limits-neurips/scripts/run_experiment.py", line 37, in process_item
    output, prompt_used = run_sampling(model, prompt, cfg.method)
                          ^^^^^^^^^^^^^^^^^^^^^^^^^^^^^^^^^^^^^^^
  File "/Users/atharvnaphade/Code/Research/creativity/repo/sampling-limits-neurips/scripts/../src/sampling/engine.py", line 20, in run_sampling
    return model.generate(prompt_used, **method_config), prompt_used
           ^^^^^^^^^^^^^^^^^^^^^^^^^^^^^^^^^^^^^^^^^^^^
  File "/Users/atharvnaphade/Code/Research/creativity/repo/sampling-limits-neurips/scripts/../src/models/api_model.py", line 73, in generate
    raise last_error or Exception("Unknown API error")
  File "/Users/atharvnaphade/Code/Research/creativity/repo/sampling-limits-neurips/scripts/../src/models/api_model.py", line 49, in generate
    response.raise_for_status()
  File "/Users/atharvnaphade/Code/Research/creativity/repo/sampling-limits-neurips/.venv/lib/python3.12/site-packages/requests/models.py", line 1026, in raise_for_status
    raise HTTPError(http_error_msg, response=self)
requests.exceptions.HTTPError: 400 Client Error: Bad Request for url: https://openrouter.ai/api/v1/chat/completions
[2026-01-01 02:17:46,320][__main__][ERROR] - Error processing item 162: 400 Client Error: Bad Request for url: https://openrouter.ai/api/v1/chat/completions
Traceback (most recent call last):
  File "/Users/atharvnaphade/Code/Research/creativity/repo/sampling-limits-neurips/scripts/run_experiment.py", line 37, in process_item
    output, prompt_used = run_sampling(model, prompt, cfg.method)
                          ^^^^^^^^^^^^^^^^^^^^^^^^^^^^^^^^^^^^^^^
  File "/Users/atharvnaphade/Code/Research/creativity/repo/sampling-limits-neurips/scripts/../src/sampling/engine.py", line 20, in run_sampling
    return model.generate(prompt_used, **method_config), prompt_used
           ^^^^^^^^^^^^^^^^^^^^^^^^^^^^^^^^^^^^^^^^^^^^
  File "/Users/atharvnaphade/Code/Research/creativity/repo/sampling-limits-neurips/scripts/../src/models/api_model.py", line 73, in generate
    raise last_error or Exception("Unknown API error")
  File "/Users/atharvnaphade/Code/Research/creativity/repo/sampling-limits-neurips/scripts/../src/models/api_model.py", line 49, in generate
    response.raise_for_status()
  File "/Users/atharvnaphade/Code/Research/creativity/repo/sampling-limits-neurips/.venv/lib/python3.12/site-packages/requests/models.py", line 1026, in raise_for_status
    raise HTTPError(http_error_msg, response=self)
requests.exceptions.HTTPError: 400 Client Error: Bad Request for url: https://openrouter.ai/api/v1/chat/completions
[2026-01-01 02:17:46,321][__main__][ERROR] - Error processing item 155: 400 Client Error: Bad Request for url: https://openrouter.ai/api/v1/chat/completions
Traceback (most recent call last):
  File "/Users/atharvnaphade/Code/Research/creativity/repo/sampling-limits-neurips/scripts/run_experiment.py", line 37, in process_item
    output, prompt_used = run_sampling(model, prompt, cfg.method)
                          ^^^^^^^^^^^^^^^^^^^^^^^^^^^^^^^^^^^^^^^
  File "/Users/atharvnaphade/Code/Research/creativity/repo/sampling-limits-neurips/scripts/../src/sampling/engine.py", line 20, in run_sampling
    return model.generate(prompt_used, **method_config), prompt_used
           ^^^^^^^^^^^^^^^^^^^^^^^^^^^^^^^^^^^^^^^^^^^^
  File "/Users/atharvnaphade/Code/Research/creativity/repo/sampling-limits-neurips/scripts/../src/models/api_model.py", line 73, in generate
    raise last_error or Exception("Unknown API error")
  File "/Users/atharvnaphade/Code/Research/creativity/repo/sampling-limits-neurips/scripts/../src/models/api_model.py", line 49, in generate
    response.raise_for_status()
  File "/Users/atharvnaphade/Code/Research/creativity/repo/sampling-limits-neurips/.venv/lib/python3.12/site-packages/requests/models.py", line 1026, in raise_for_status
    raise HTTPError(http_error_msg, response=self)
requests.exceptions.HTTPError: 400 Client Error: Bad Request for url: https://openrouter.ai/api/v1/chat/completions
[2026-01-01 02:17:46,323][__main__][ERROR] - Error processing item 154: 400 Client Error: Bad Request for url: https://openrouter.ai/api/v1/chat/completions
Traceback (most recent call last):
  File "/Users/atharvnaphade/Code/Research/creativity/repo/sampling-limits-neurips/scripts/run_experiment.py", line 37, in process_item
    output, prompt_used = run_sampling(model, prompt, cfg.method)
                          ^^^^^^^^^^^^^^^^^^^^^^^^^^^^^^^^^^^^^^^
  File "/Users/atharvnaphade/Code/Research/creativity/repo/sampling-limits-neurips/scripts/../src/sampling/engine.py", line 20, in run_sampling
    return model.generate(prompt_used, **method_config), prompt_used
           ^^^^^^^^^^^^^^^^^^^^^^^^^^^^^^^^^^^^^^^^^^^^
  File "/Users/atharvnaphade/Code/Research/creativity/repo/sampling-limits-neurips/scripts/../src/models/api_model.py", line 73, in generate
    raise last_error or Exception("Unknown API error")
  File "/Users/atharvnaphade/Code/Research/creativity/repo/sampling-limits-neurips/scripts/../src/models/api_model.py", line 49, in generate
    response.raise_for_status()
  File "/Users/atharvnaphade/Code/Research/creativity/repo/sampling-limits-neurips/.venv/lib/python3.12/site-packages/requests/models.py", line 1026, in raise_for_status
    raise HTTPError(http_error_msg, response=self)
requests.exceptions.HTTPError: 400 Client Error: Bad Request for url: https://openrouter.ai/api/v1/chat/completions
[2026-01-01 02:17:46,331][__main__][ERROR] - Error processing item 173: 400 Client Error: Bad Request for url: https://openrouter.ai/api/v1/chat/completions
Traceback (most recent call last):
  File "/Users/atharvnaphade/Code/Research/creativity/repo/sampling-limits-neurips/scripts/run_experiment.py", line 37, in process_item
    output, prompt_used = run_sampling(model, prompt, cfg.method)
                          ^^^^^^^^^^^^^^^^^^^^^^^^^^^^^^^^^^^^^^^
  File "/Users/atharvnaphade/Code/Research/creativity/repo/sampling-limits-neurips/scripts/../src/sampling/engine.py", line 20, in run_sampling
    return model.generate(prompt_used, **method_config), prompt_used
           ^^^^^^^^^^^^^^^^^^^^^^^^^^^^^^^^^^^^^^^^^^^^
  File "/Users/atharvnaphade/Code/Research/creativity/repo/sampling-limits-neurips/scripts/../src/models/api_model.py", line 73, in generate
    raise last_error or Exception("Unknown API error")
  File "/Users/atharvnaphade/Code/Research/creativity/repo/sampling-limits-neurips/scripts/../src/models/api_model.py", line 49, in generate
    response.raise_for_status()
  File "/Users/atharvnaphade/Code/Research/creativity/repo/sampling-limits-neurips/.venv/lib/python3.12/site-packages/requests/models.py", line 1026, in raise_for_status
    raise HTTPError(http_error_msg, response=self)
requests.exceptions.HTTPError: 400 Client Error: Bad Request for url: https://openrouter.ai/api/v1/chat/completions
[2026-01-01 02:17:46,339][__main__][ERROR] - Error processing item 170: 400 Client Error: Bad Request for url: https://openrouter.ai/api/v1/chat/completions
Traceback (most recent call last):
  File "/Users/atharvnaphade/Code/Research/creativity/repo/sampling-limits-neurips/scripts/run_experiment.py", line 37, in process_item
    output, prompt_used = run_sampling(model, prompt, cfg.method)
                          ^^^^^^^^^^^^^^^^^^^^^^^^^^^^^^^^^^^^^^^
  File "/Users/atharvnaphade/Code/Research/creativity/repo/sampling-limits-neurips/scripts/../src/sampling/engine.py", line 20, in run_sampling
    return model.generate(prompt_used, **method_config), prompt_used
           ^^^^^^^^^^^^^^^^^^^^^^^^^^^^^^^^^^^^^^^^^^^^
  File "/Users/atharvnaphade/Code/Research/creativity/repo/sampling-limits-neurips/scripts/../src/models/api_model.py", line 73, in generate
    raise last_error or Exception("Unknown API error")
  File "/Users/atharvnaphade/Code/Research/creativity/repo/sampling-limits-neurips/scripts/../src/models/api_model.py", line 49, in generate
    response.raise_for_status()
  File "/Users/atharvnaphade/Code/Research/creativity/repo/sampling-limits-neurips/.venv/lib/python3.12/site-packages/requests/models.py", line 1026, in raise_for_status
    raise HTTPError(http_error_msg, response=self)
requests.exceptions.HTTPError: 400 Client Error: Bad Request for url: https://openrouter.ai/api/v1/chat/completions
[2026-01-01 02:17:46,346][__main__][ERROR] - Error processing item 168: 400 Client Error: Bad Request for url: https://openrouter.ai/api/v1/chat/completions
Traceback (most recent call last):
  File "/Users/atharvnaphade/Code/Research/creativity/repo/sampling-limits-neurips/scripts/run_experiment.py", line 37, in process_item
    output, prompt_used = run_sampling(model, prompt, cfg.method)
                          ^^^^^^^^^^^^^^^^^^^^^^^^^^^^^^^^^^^^^^^
  File "/Users/atharvnaphade/Code/Research/creativity/repo/sampling-limits-neurips/scripts/../src/sampling/engine.py", line 20, in run_sampling
    return model.generate(prompt_used, **method_config), prompt_used
           ^^^^^^^^^^^^^^^^^^^^^^^^^^^^^^^^^^^^^^^^^^^^
  File "/Users/atharvnaphade/Code/Research/creativity/repo/sampling-limits-neurips/scripts/../src/models/api_model.py", line 73, in generate
    raise last_error or Exception("Unknown API error")
  File "/Users/atharvnaphade/Code/Research/creativity/repo/sampling-limits-neurips/scripts/../src/models/api_model.py", line 49, in generate
    response.raise_for_status()
  File "/Users/atharvnaphade/Code/Research/creativity/repo/sampling-limits-neurips/.venv/lib/python3.12/site-packages/requests/models.py", line 1026, in raise_for_status
    raise HTTPError(http_error_msg, response=self)
requests.exceptions.HTTPError: 400 Client Error: Bad Request for url: https://openrouter.ai/api/v1/chat/completions
[2026-01-01 02:17:46,348][__main__][ERROR] - Error processing item 167: 400 Client Error: Bad Request for url: https://openrouter.ai/api/v1/chat/completions
Traceback (most recent call last):
  File "/Users/atharvnaphade/Code/Research/creativity/repo/sampling-limits-neurips/scripts/run_experiment.py", line 37, in process_item
    output, prompt_used = run_sampling(model, prompt, cfg.method)
                          ^^^^^^^^^^^^^^^^^^^^^^^^^^^^^^^^^^^^^^^
  File "/Users/atharvnaphade/Code/Research/creativity/repo/sampling-limits-neurips/scripts/../src/sampling/engine.py", line 20, in run_sampling
    return model.generate(prompt_used, **method_config), prompt_used
           ^^^^^^^^^^^^^^^^^^^^^^^^^^^^^^^^^^^^^^^^^^^^
  File "/Users/atharvnaphade/Code/Research/creativity/repo/sampling-limits-neurips/scripts/../src/models/api_model.py", line 73, in generate
    raise last_error or Exception("Unknown API error")
  File "/Users/atharvnaphade/Code/Research/creativity/repo/sampling-limits-neurips/scripts/../src/models/api_model.py", line 49, in generate
    response.raise_for_status()
  File "/Users/atharvnaphade/Code/Research/creativity/repo/sampling-limits-neurips/.venv/lib/python3.12/site-packages/requests/models.py", line 1026, in raise_for_status
    raise HTTPError(http_error_msg, response=self)
requests.exceptions.HTTPError: 400 Client Error: Bad Request for url: https://openrouter.ai/api/v1/chat/completions
[2026-01-01 02:17:46,349][__main__][ERROR] - Error processing item 177: 400 Client Error: Bad Request for url: https://openrouter.ai/api/v1/chat/completions
Traceback (most recent call last):
  File "/Users/atharvnaphade/Code/Research/creativity/repo/sampling-limits-neurips/scripts/run_experiment.py", line 37, in process_item
    output, prompt_used = run_sampling(model, prompt, cfg.method)
                          ^^^^^^^^^^^^^^^^^^^^^^^^^^^^^^^^^^^^^^^
  File "/Users/atharvnaphade/Code/Research/creativity/repo/sampling-limits-neurips/scripts/../src/sampling/engine.py", line 20, in run_sampling
    return model.generate(prompt_used, **method_config), prompt_used
           ^^^^^^^^^^^^^^^^^^^^^^^^^^^^^^^^^^^^^^^^^^^^
  File "/Users/atharvnaphade/Code/Research/creativity/repo/sampling-limits-neurips/scripts/../src/models/api_model.py", line 73, in generate
    raise last_error or Exception("Unknown API error")
  File "/Users/atharvnaphade/Code/Research/creativity/repo/sampling-limits-neurips/scripts/../src/models/api_model.py", line 49, in generate
    response.raise_for_status()
  File "/Users/atharvnaphade/Code/Research/creativity/repo/sampling-limits-neurips/.venv/lib/python3.12/site-packages/requests/models.py", line 1026, in raise_for_status
    raise HTTPError(http_error_msg, response=self)
requests.exceptions.HTTPError: 400 Client Error: Bad Request for url: https://openrouter.ai/api/v1/chat/completions
[2026-01-01 02:17:46,361][__main__][ERROR] - Error processing item 172: 400 Client Error: Bad Request for url: https://openrouter.ai/api/v1/chat/completions
Traceback (most recent call last):
  File "/Users/atharvnaphade/Code/Research/creativity/repo/sampling-limits-neurips/scripts/run_experiment.py", line 37, in process_item
    output, prompt_used = run_sampling(model, prompt, cfg.method)
                          ^^^^^^^^^^^^^^^^^^^^^^^^^^^^^^^^^^^^^^^
  File "/Users/atharvnaphade/Code/Research/creativity/repo/sampling-limits-neurips/scripts/../src/sampling/engine.py", line 20, in run_sampling
    return model.generate(prompt_used, **method_config), prompt_used
           ^^^^^^^^^^^^^^^^^^^^^^^^^^^^^^^^^^^^^^^^^^^^
  File "/Users/atharvnaphade/Code/Research/creativity/repo/sampling-limits-neurips/scripts/../src/models/api_model.py", line 73, in generate
    raise last_error or Exception("Unknown API error")
  File "/Users/atharvnaphade/Code/Research/creativity/repo/sampling-limits-neurips/scripts/../src/models/api_model.py", line 49, in generate
    response.raise_for_status()
  File "/Users/atharvnaphade/Code/Research/creativity/repo/sampling-limits-neurips/.venv/lib/python3.12/site-packages/requests/models.py", line 1026, in raise_for_status
    raise HTTPError(http_error_msg, response=self)
requests.exceptions.HTTPError: 400 Client Error: Bad Request for url: https://openrouter.ai/api/v1/chat/completions
[2026-01-01 02:17:46,364][__main__][ERROR] - Error processing item 163: 400 Client Error: Bad Request for url: https://openrouter.ai/api/v1/chat/completions
Traceback (most recent call last):
  File "/Users/atharvnaphade/Code/Research/creativity/repo/sampling-limits-neurips/scripts/run_experiment.py", line 37, in process_item
    output, prompt_used = run_sampling(model, prompt, cfg.method)
                          ^^^^^^^^^^^^^^^^^^^^^^^^^^^^^^^^^^^^^^^
  File "/Users/atharvnaphade/Code/Research/creativity/repo/sampling-limits-neurips/scripts/../src/sampling/engine.py", line 20, in run_sampling
    return model.generate(prompt_used, **method_config), prompt_used
           ^^^^^^^^^^^^^^^^^^^^^^^^^^^^^^^^^^^^^^^^^^^^
  File "/Users/atharvnaphade/Code/Research/creativity/repo/sampling-limits-neurips/scripts/../src/models/api_model.py", line 73, in generate
    raise last_error or Exception("Unknown API error")
  File "/Users/atharvnaphade/Code/Research/creativity/repo/sampling-limits-neurips/scripts/../src/models/api_model.py", line 49, in generate
    response.raise_for_status()
  File "/Users/atharvnaphade/Code/Research/creativity/repo/sampling-limits-neurips/.venv/lib/python3.12/site-packages/requests/models.py", line 1026, in raise_for_status
    raise HTTPError(http_error_msg, response=self)
requests.exceptions.HTTPError: 400 Client Error: Bad Request for url: https://openrouter.ai/api/v1/chat/completions
[2026-01-01 02:17:46,367][__main__][ERROR] - Error processing item 174: 400 Client Error: Bad Request for url: https://openrouter.ai/api/v1/chat/completions
Traceback (most recent call last):
  File "/Users/atharvnaphade/Code/Research/creativity/repo/sampling-limits-neurips/scripts/run_experiment.py", line 37, in process_item
    output, prompt_used = run_sampling(model, prompt, cfg.method)
                          ^^^^^^^^^^^^^^^^^^^^^^^^^^^^^^^^^^^^^^^
  File "/Users/atharvnaphade/Code/Research/creativity/repo/sampling-limits-neurips/scripts/../src/sampling/engine.py", line 20, in run_sampling
    return model.generate(prompt_used, **method_config), prompt_used
           ^^^^^^^^^^^^^^^^^^^^^^^^^^^^^^^^^^^^^^^^^^^^
  File "/Users/atharvnaphade/Code/Research/creativity/repo/sampling-limits-neurips/scripts/../src/models/api_model.py", line 73, in generate
    raise last_error or Exception("Unknown API error")
  File "/Users/atharvnaphade/Code/Research/creativity/repo/sampling-limits-neurips/scripts/../src/models/api_model.py", line 49, in generate
    response.raise_for_status()
  File "/Users/atharvnaphade/Code/Research/creativity/repo/sampling-limits-neurips/.venv/lib/python3.12/site-packages/requests/models.py", line 1026, in raise_for_status
    raise HTTPError(http_error_msg, response=self)
requests.exceptions.HTTPError: 400 Client Error: Bad Request for url: https://openrouter.ai/api/v1/chat/completions
[2026-01-01 02:17:46,371][__main__][ERROR] - Error processing item 181: 400 Client Error: Bad Request for url: https://openrouter.ai/api/v1/chat/completions
Traceback (most recent call last):
  File "/Users/atharvnaphade/Code/Research/creativity/repo/sampling-limits-neurips/scripts/run_experiment.py", line 37, in process_item
    output, prompt_used = run_sampling(model, prompt, cfg.method)
                          ^^^^^^^^^^^^^^^^^^^^^^^^^^^^^^^^^^^^^^^
  File "/Users/atharvnaphade/Code/Research/creativity/repo/sampling-limits-neurips/scripts/../src/sampling/engine.py", line 20, in run_sampling
    return model.generate(prompt_used, **method_config), prompt_used
           ^^^^^^^^^^^^^^^^^^^^^^^^^^^^^^^^^^^^^^^^^^^^
  File "/Users/atharvnaphade/Code/Research/creativity/repo/sampling-limits-neurips/scripts/../src/models/api_model.py", line 73, in generate
    raise last_error or Exception("Unknown API error")
  File "/Users/atharvnaphade/Code/Research/creativity/repo/sampling-limits-neurips/scripts/../src/models/api_model.py", line 49, in generate
    response.raise_for_status()
  File "/Users/atharvnaphade/Code/Research/creativity/repo/sampling-limits-neurips/.venv/lib/python3.12/site-packages/requests/models.py", line 1026, in raise_for_status
    raise HTTPError(http_error_msg, response=self)
requests.exceptions.HTTPError: 400 Client Error: Bad Request for url: https://openrouter.ai/api/v1/chat/completions
[2026-01-01 02:17:46,374][__main__][ERROR] - Error processing item 179: 400 Client Error: Bad Request for url: https://openrouter.ai/api/v1/chat/completions
Traceback (most recent call last):
  File "/Users/atharvnaphade/Code/Research/creativity/repo/sampling-limits-neurips/scripts/run_experiment.py", line 37, in process_item
    output, prompt_used = run_sampling(model, prompt, cfg.method)
                          ^^^^^^^^^^^^^^^^^^^^^^^^^^^^^^^^^^^^^^^
  File "/Users/atharvnaphade/Code/Research/creativity/repo/sampling-limits-neurips/scripts/../src/sampling/engine.py", line 20, in run_sampling
    return model.generate(prompt_used, **method_config), prompt_used
           ^^^^^^^^^^^^^^^^^^^^^^^^^^^^^^^^^^^^^^^^^^^^
  File "/Users/atharvnaphade/Code/Research/creativity/repo/sampling-limits-neurips/scripts/../src/models/api_model.py", line 73, in generate
    raise last_error or Exception("Unknown API error")
  File "/Users/atharvnaphade/Code/Research/creativity/repo/sampling-limits-neurips/scripts/../src/models/api_model.py", line 49, in generate
    response.raise_for_status()
  File "/Users/atharvnaphade/Code/Research/creativity/repo/sampling-limits-neurips/.venv/lib/python3.12/site-packages/requests/models.py", line 1026, in raise_for_status
    raise HTTPError(http_error_msg, response=self)
requests.exceptions.HTTPError: 400 Client Error: Bad Request for url: https://openrouter.ai/api/v1/chat/completions
[2026-01-01 02:17:46,375][__main__][ERROR] - Error processing item 157: 400 Client Error: Bad Request for url: https://openrouter.ai/api/v1/chat/completions
Traceback (most recent call last):
  File "/Users/atharvnaphade/Code/Research/creativity/repo/sampling-limits-neurips/scripts/run_experiment.py", line 37, in process_item
    output, prompt_used = run_sampling(model, prompt, cfg.method)
                          ^^^^^^^^^^^^^^^^^^^^^^^^^^^^^^^^^^^^^^^
  File "/Users/atharvnaphade/Code/Research/creativity/repo/sampling-limits-neurips/scripts/../src/sampling/engine.py", line 20, in run_sampling
    return model.generate(prompt_used, **method_config), prompt_used
           ^^^^^^^^^^^^^^^^^^^^^^^^^^^^^^^^^^^^^^^^^^^^
  File "/Users/atharvnaphade/Code/Research/creativity/repo/sampling-limits-neurips/scripts/../src/models/api_model.py", line 73, in generate
    raise last_error or Exception("Unknown API error")
  File "/Users/atharvnaphade/Code/Research/creativity/repo/sampling-limits-neurips/scripts/../src/models/api_model.py", line 49, in generate
    response.raise_for_status()
  File "/Users/atharvnaphade/Code/Research/creativity/repo/sampling-limits-neurips/.venv/lib/python3.12/site-packages/requests/models.py", line 1026, in raise_for_status
    raise HTTPError(http_error_msg, response=self)
requests.exceptions.HTTPError: 400 Client Error: Bad Request for url: https://openrouter.ai/api/v1/chat/completions
[2026-01-01 02:17:46,379][__main__][ERROR] - Error processing item 176: 400 Client Error: Bad Request for url: https://openrouter.ai/api/v1/chat/completions
Traceback (most recent call last):
  File "/Users/atharvnaphade/Code/Research/creativity/repo/sampling-limits-neurips/scripts/run_experiment.py", line 37, in process_item
    output, prompt_used = run_sampling(model, prompt, cfg.method)
                          ^^^^^^^^^^^^^^^^^^^^^^^^^^^^^^^^^^^^^^^
  File "/Users/atharvnaphade/Code/Research/creativity/repo/sampling-limits-neurips/scripts/../src/sampling/engine.py", line 20, in run_sampling
    return model.generate(prompt_used, **method_config), prompt_used
           ^^^^^^^^^^^^^^^^^^^^^^^^^^^^^^^^^^^^^^^^^^^^
  File "/Users/atharvnaphade/Code/Research/creativity/repo/sampling-limits-neurips/scripts/../src/models/api_model.py", line 73, in generate
    raise last_error or Exception("Unknown API error")
  File "/Users/atharvnaphade/Code/Research/creativity/repo/sampling-limits-neurips/scripts/../src/models/api_model.py", line 49, in generate
    response.raise_for_status()
  File "/Users/atharvnaphade/Code/Research/creativity/repo/sampling-limits-neurips/.venv/lib/python3.12/site-packages/requests/models.py", line 1026, in raise_for_status
    raise HTTPError(http_error_msg, response=self)
requests.exceptions.HTTPError: 400 Client Error: Bad Request for url: https://openrouter.ai/api/v1/chat/completions
[2026-01-01 02:17:46,380][__main__][ERROR] - Error processing item 194: 400 Client Error: Bad Request for url: https://openrouter.ai/api/v1/chat/completions
Traceback (most recent call last):
  File "/Users/atharvnaphade/Code/Research/creativity/repo/sampling-limits-neurips/scripts/run_experiment.py", line 37, in process_item
    output, prompt_used = run_sampling(model, prompt, cfg.method)
                          ^^^^^^^^^^^^^^^^^^^^^^^^^^^^^^^^^^^^^^^
  File "/Users/atharvnaphade/Code/Research/creativity/repo/sampling-limits-neurips/scripts/../src/sampling/engine.py", line 20, in run_sampling
    return model.generate(prompt_used, **method_config), prompt_used
           ^^^^^^^^^^^^^^^^^^^^^^^^^^^^^^^^^^^^^^^^^^^^
  File "/Users/atharvnaphade/Code/Research/creativity/repo/sampling-limits-neurips/scripts/../src/models/api_model.py", line 73, in generate
    raise last_error or Exception("Unknown API error")
  File "/Users/atharvnaphade/Code/Research/creativity/repo/sampling-limits-neurips/scripts/../src/models/api_model.py", line 49, in generate
    response.raise_for_status()
  File "/Users/atharvnaphade/Code/Research/creativity/repo/sampling-limits-neurips/.venv/lib/python3.12/site-packages/requests/models.py", line 1026, in raise_for_status
    raise HTTPError(http_error_msg, response=self)
requests.exceptions.HTTPError: 400 Client Error: Bad Request for url: https://openrouter.ai/api/v1/chat/completions
[2026-01-01 02:17:46,382][__main__][ERROR] - Error processing item 161: 400 Client Error: Bad Request for url: https://openrouter.ai/api/v1/chat/completions
Traceback (most recent call last):
  File "/Users/atharvnaphade/Code/Research/creativity/repo/sampling-limits-neurips/scripts/run_experiment.py", line 37, in process_item
    output, prompt_used = run_sampling(model, prompt, cfg.method)
                          ^^^^^^^^^^^^^^^^^^^^^^^^^^^^^^^^^^^^^^^
  File "/Users/atharvnaphade/Code/Research/creativity/repo/sampling-limits-neurips/scripts/../src/sampling/engine.py", line 20, in run_sampling
    return model.generate(prompt_used, **method_config), prompt_used
           ^^^^^^^^^^^^^^^^^^^^^^^^^^^^^^^^^^^^^^^^^^^^
  File "/Users/atharvnaphade/Code/Research/creativity/repo/sampling-limits-neurips/scripts/../src/models/api_model.py", line 73, in generate
    raise last_error or Exception("Unknown API error")
  File "/Users/atharvnaphade/Code/Research/creativity/repo/sampling-limits-neurips/scripts/../src/models/api_model.py", line 49, in generate
    response.raise_for_status()
  File "/Users/atharvnaphade/Code/Research/creativity/repo/sampling-limits-neurips/.venv/lib/python3.12/site-packages/requests/models.py", line 1026, in raise_for_status
    raise HTTPError(http_error_msg, response=self)
requests.exceptions.HTTPError: 400 Client Error: Bad Request for url: https://openrouter.ai/api/v1/chat/completions
[2026-01-01 02:17:46,390][__main__][ERROR] - Error processing item 184: 400 Client Error: Bad Request for url: https://openrouter.ai/api/v1/chat/completions
Traceback (most recent call last):
  File "/Users/atharvnaphade/Code/Research/creativity/repo/sampling-limits-neurips/scripts/run_experiment.py", line 37, in process_item
    output, prompt_used = run_sampling(model, prompt, cfg.method)
                          ^^^^^^^^^^^^^^^^^^^^^^^^^^^^^^^^^^^^^^^
  File "/Users/atharvnaphade/Code/Research/creativity/repo/sampling-limits-neurips/scripts/../src/sampling/engine.py", line 20, in run_sampling
    return model.generate(prompt_used, **method_config), prompt_used
           ^^^^^^^^^^^^^^^^^^^^^^^^^^^^^^^^^^^^^^^^^^^^
  File "/Users/atharvnaphade/Code/Research/creativity/repo/sampling-limits-neurips/scripts/../src/models/api_model.py", line 73, in generate
    raise last_error or Exception("Unknown API error")
  File "/Users/atharvnaphade/Code/Research/creativity/repo/sampling-limits-neurips/scripts/../src/models/api_model.py", line 49, in generate
    response.raise_for_status()
  File "/Users/atharvnaphade/Code/Research/creativity/repo/sampling-limits-neurips/.venv/lib/python3.12/site-packages/requests/models.py", line 1026, in raise_for_status
    raise HTTPError(http_error_msg, response=self)
requests.exceptions.HTTPError: 400 Client Error: Bad Request for url: https://openrouter.ai/api/v1/chat/completions
[2026-01-01 02:17:46,391][__main__][ERROR] - Error processing item 192: 400 Client Error: Bad Request for url: https://openrouter.ai/api/v1/chat/completions
Traceback (most recent call last):
  File "/Users/atharvnaphade/Code/Research/creativity/repo/sampling-limits-neurips/scripts/run_experiment.py", line 37, in process_item
    output, prompt_used = run_sampling(model, prompt, cfg.method)
                          ^^^^^^^^^^^^^^^^^^^^^^^^^^^^^^^^^^^^^^^
  File "/Users/atharvnaphade/Code/Research/creativity/repo/sampling-limits-neurips/scripts/../src/sampling/engine.py", line 20, in run_sampling
    return model.generate(prompt_used, **method_config), prompt_used
           ^^^^^^^^^^^^^^^^^^^^^^^^^^^^^^^^^^^^^^^^^^^^
  File "/Users/atharvnaphade/Code/Research/creativity/repo/sampling-limits-neurips/scripts/../src/models/api_model.py", line 73, in generate
    raise last_error or Exception("Unknown API error")
  File "/Users/atharvnaphade/Code/Research/creativity/repo/sampling-limits-neurips/scripts/../src/models/api_model.py", line 49, in generate
    response.raise_for_status()
  File "/Users/atharvnaphade/Code/Research/creativity/repo/sampling-limits-neurips/.venv/lib/python3.12/site-packages/requests/models.py", line 1026, in raise_for_status
    raise HTTPError(http_error_msg, response=self)
requests.exceptions.HTTPError: 400 Client Error: Bad Request for url: https://openrouter.ai/api/v1/chat/completions
[2026-01-01 02:17:46,394][__main__][ERROR] - Error processing item 195: 400 Client Error: Bad Request for url: https://openrouter.ai/api/v1/chat/completions
Traceback (most recent call last):
  File "/Users/atharvnaphade/Code/Research/creativity/repo/sampling-limits-neurips/scripts/run_experiment.py", line 37, in process_item
    output, prompt_used = run_sampling(model, prompt, cfg.method)
                          ^^^^^^^^^^^^^^^^^^^^^^^^^^^^^^^^^^^^^^^
  File "/Users/atharvnaphade/Code/Research/creativity/repo/sampling-limits-neurips/scripts/../src/sampling/engine.py", line 20, in run_sampling
    return model.generate(prompt_used, **method_config), prompt_used
           ^^^^^^^^^^^^^^^^^^^^^^^^^^^^^^^^^^^^^^^^^^^^
  File "/Users/atharvnaphade/Code/Research/creativity/repo/sampling-limits-neurips/scripts/../src/models/api_model.py", line 73, in generate
    raise last_error or Exception("Unknown API error")
  File "/Users/atharvnaphade/Code/Research/creativity/repo/sampling-limits-neurips/scripts/../src/models/api_model.py", line 49, in generate
    response.raise_for_status()
  File "/Users/atharvnaphade/Code/Research/creativity/repo/sampling-limits-neurips/.venv/lib/python3.12/site-packages/requests/models.py", line 1026, in raise_for_status
    raise HTTPError(http_error_msg, response=self)
requests.exceptions.HTTPError: 400 Client Error: Bad Request for url: https://openrouter.ai/api/v1/chat/completions
[2026-01-01 02:17:46,397][__main__][ERROR] - Error processing item 186: 400 Client Error: Bad Request for url: https://openrouter.ai/api/v1/chat/completions
Traceback (most recent call last):
  File "/Users/atharvnaphade/Code/Research/creativity/repo/sampling-limits-neurips/scripts/run_experiment.py", line 37, in process_item
    output, prompt_used = run_sampling(model, prompt, cfg.method)
                          ^^^^^^^^^^^^^^^^^^^^^^^^^^^^^^^^^^^^^^^
  File "/Users/atharvnaphade/Code/Research/creativity/repo/sampling-limits-neurips/scripts/../src/sampling/engine.py", line 20, in run_sampling
    return model.generate(prompt_used, **method_config), prompt_used
           ^^^^^^^^^^^^^^^^^^^^^^^^^^^^^^^^^^^^^^^^^^^^
  File "/Users/atharvnaphade/Code/Research/creativity/repo/sampling-limits-neurips/scripts/../src/models/api_model.py", line 73, in generate
    raise last_error or Exception("Unknown API error")
  File "/Users/atharvnaphade/Code/Research/creativity/repo/sampling-limits-neurips/scripts/../src/models/api_model.py", line 49, in generate
    response.raise_for_status()
  File "/Users/atharvnaphade/Code/Research/creativity/repo/sampling-limits-neurips/.venv/lib/python3.12/site-packages/requests/models.py", line 1026, in raise_for_status
    raise HTTPError(http_error_msg, response=self)
requests.exceptions.HTTPError: 400 Client Error: Bad Request for url: https://openrouter.ai/api/v1/chat/completions
[2026-01-01 02:17:46,398][__main__][ERROR] - Error processing item 190: 400 Client Error: Bad Request for url: https://openrouter.ai/api/v1/chat/completions
Traceback (most recent call last):
  File "/Users/atharvnaphade/Code/Research/creativity/repo/sampling-limits-neurips/scripts/run_experiment.py", line 37, in process_item
    output, prompt_used = run_sampling(model, prompt, cfg.method)
                          ^^^^^^^^^^^^^^^^^^^^^^^^^^^^^^^^^^^^^^^
  File "/Users/atharvnaphade/Code/Research/creativity/repo/sampling-limits-neurips/scripts/../src/sampling/engine.py", line 20, in run_sampling
    return model.generate(prompt_used, **method_config), prompt_used
           ^^^^^^^^^^^^^^^^^^^^^^^^^^^^^^^^^^^^^^^^^^^^
  File "/Users/atharvnaphade/Code/Research/creativity/repo/sampling-limits-neurips/scripts/../src/models/api_model.py", line 73, in generate
    raise last_error or Exception("Unknown API error")
  File "/Users/atharvnaphade/Code/Research/creativity/repo/sampling-limits-neurips/scripts/../src/models/api_model.py", line 49, in generate
    response.raise_for_status()
  File "/Users/atharvnaphade/Code/Research/creativity/repo/sampling-limits-neurips/.venv/lib/python3.12/site-packages/requests/models.py", line 1026, in raise_for_status
    raise HTTPError(http_error_msg, response=self)
requests.exceptions.HTTPError: 400 Client Error: Bad Request for url: https://openrouter.ai/api/v1/chat/completions
[2026-01-01 02:17:46,399][__main__][ERROR] - Error processing item 182: 400 Client Error: Bad Request for url: https://openrouter.ai/api/v1/chat/completions
Traceback (most recent call last):
  File "/Users/atharvnaphade/Code/Research/creativity/repo/sampling-limits-neurips/scripts/run_experiment.py", line 37, in process_item
    output, prompt_used = run_sampling(model, prompt, cfg.method)
                          ^^^^^^^^^^^^^^^^^^^^^^^^^^^^^^^^^^^^^^^
  File "/Users/atharvnaphade/Code/Research/creativity/repo/sampling-limits-neurips/scripts/../src/sampling/engine.py", line 20, in run_sampling
    return model.generate(prompt_used, **method_config), prompt_used
           ^^^^^^^^^^^^^^^^^^^^^^^^^^^^^^^^^^^^^^^^^^^^
  File "/Users/atharvnaphade/Code/Research/creativity/repo/sampling-limits-neurips/scripts/../src/models/api_model.py", line 73, in generate
    raise last_error or Exception("Unknown API error")
  File "/Users/atharvnaphade/Code/Research/creativity/repo/sampling-limits-neurips/scripts/../src/models/api_model.py", line 49, in generate
    response.raise_for_status()
  File "/Users/atharvnaphade/Code/Research/creativity/repo/sampling-limits-neurips/.venv/lib/python3.12/site-packages/requests/models.py", line 1026, in raise_for_status
    raise HTTPError(http_error_msg, response=self)
requests.exceptions.HTTPError: 400 Client Error: Bad Request for url: https://openrouter.ai/api/v1/chat/completions
[2026-01-01 02:17:46,404][__main__][ERROR] - Error processing item 164: 400 Client Error: Bad Request for url: https://openrouter.ai/api/v1/chat/completions
Traceback (most recent call last):
  File "/Users/atharvnaphade/Code/Research/creativity/repo/sampling-limits-neurips/scripts/run_experiment.py", line 37, in process_item
    output, prompt_used = run_sampling(model, prompt, cfg.method)
                          ^^^^^^^^^^^^^^^^^^^^^^^^^^^^^^^^^^^^^^^
  File "/Users/atharvnaphade/Code/Research/creativity/repo/sampling-limits-neurips/scripts/../src/sampling/engine.py", line 20, in run_sampling
    return model.generate(prompt_used, **method_config), prompt_used
           ^^^^^^^^^^^^^^^^^^^^^^^^^^^^^^^^^^^^^^^^^^^^
  File "/Users/atharvnaphade/Code/Research/creativity/repo/sampling-limits-neurips/scripts/../src/models/api_model.py", line 73, in generate
    raise last_error or Exception("Unknown API error")
  File "/Users/atharvnaphade/Code/Research/creativity/repo/sampling-limits-neurips/scripts/../src/models/api_model.py", line 49, in generate
    response.raise_for_status()
  File "/Users/atharvnaphade/Code/Research/creativity/repo/sampling-limits-neurips/.venv/lib/python3.12/site-packages/requests/models.py", line 1026, in raise_for_status
    raise HTTPError(http_error_msg, response=self)
requests.exceptions.HTTPError: 400 Client Error: Bad Request for url: https://openrouter.ai/api/v1/chat/completions
[2026-01-01 02:17:46,409][__main__][ERROR] - Error processing item 165: 400 Client Error: Bad Request for url: https://openrouter.ai/api/v1/chat/completions
Traceback (most recent call last):
  File "/Users/atharvnaphade/Code/Research/creativity/repo/sampling-limits-neurips/scripts/run_experiment.py", line 37, in process_item
    output, prompt_used = run_sampling(model, prompt, cfg.method)
                          ^^^^^^^^^^^^^^^^^^^^^^^^^^^^^^^^^^^^^^^
  File "/Users/atharvnaphade/Code/Research/creativity/repo/sampling-limits-neurips/scripts/../src/sampling/engine.py", line 20, in run_sampling
    return model.generate(prompt_used, **method_config), prompt_used
           ^^^^^^^^^^^^^^^^^^^^^^^^^^^^^^^^^^^^^^^^^^^^
  File "/Users/atharvnaphade/Code/Research/creativity/repo/sampling-limits-neurips/scripts/../src/models/api_model.py", line 73, in generate
    raise last_error or Exception("Unknown API error")
  File "/Users/atharvnaphade/Code/Research/creativity/repo/sampling-limits-neurips/scripts/../src/models/api_model.py", line 49, in generate
    response.raise_for_status()
  File "/Users/atharvnaphade/Code/Research/creativity/repo/sampling-limits-neurips/.venv/lib/python3.12/site-packages/requests/models.py", line 1026, in raise_for_status
    raise HTTPError(http_error_msg, response=self)
requests.exceptions.HTTPError: 400 Client Error: Bad Request for url: https://openrouter.ai/api/v1/chat/completions
[2026-01-01 02:17:46,413][__main__][ERROR] - Error processing item 185: 400 Client Error: Bad Request for url: https://openrouter.ai/api/v1/chat/completions
Traceback (most recent call last):
  File "/Users/atharvnaphade/Code/Research/creativity/repo/sampling-limits-neurips/scripts/run_experiment.py", line 37, in process_item
    output, prompt_used = run_sampling(model, prompt, cfg.method)
                          ^^^^^^^^^^^^^^^^^^^^^^^^^^^^^^^^^^^^^^^
  File "/Users/atharvnaphade/Code/Research/creativity/repo/sampling-limits-neurips/scripts/../src/sampling/engine.py", line 20, in run_sampling
    return model.generate(prompt_used, **method_config), prompt_used
           ^^^^^^^^^^^^^^^^^^^^^^^^^^^^^^^^^^^^^^^^^^^^
  File "/Users/atharvnaphade/Code/Research/creativity/repo/sampling-limits-neurips/scripts/../src/models/api_model.py", line 73, in generate
    raise last_error or Exception("Unknown API error")
  File "/Users/atharvnaphade/Code/Research/creativity/repo/sampling-limits-neurips/scripts/../src/models/api_model.py", line 49, in generate
    response.raise_for_status()
  File "/Users/atharvnaphade/Code/Research/creativity/repo/sampling-limits-neurips/.venv/lib/python3.12/site-packages/requests/models.py", line 1026, in raise_for_status
    raise HTTPError(http_error_msg, response=self)
requests.exceptions.HTTPError: 400 Client Error: Bad Request for url: https://openrouter.ai/api/v1/chat/completions
[2026-01-01 02:17:46,414][__main__][ERROR] - Error processing item 183: 400 Client Error: Bad Request for url: https://openrouter.ai/api/v1/chat/completions
Traceback (most recent call last):
  File "/Users/atharvnaphade/Code/Research/creativity/repo/sampling-limits-neurips/scripts/run_experiment.py", line 37, in process_item
    output, prompt_used = run_sampling(model, prompt, cfg.method)
                          ^^^^^^^^^^^^^^^^^^^^^^^^^^^^^^^^^^^^^^^
  File "/Users/atharvnaphade/Code/Research/creativity/repo/sampling-limits-neurips/scripts/../src/sampling/engine.py", line 20, in run_sampling
    return model.generate(prompt_used, **method_config), prompt_used
           ^^^^^^^^^^^^^^^^^^^^^^^^^^^^^^^^^^^^^^^^^^^^
  File "/Users/atharvnaphade/Code/Research/creativity/repo/sampling-limits-neurips/scripts/../src/models/api_model.py", line 73, in generate
    raise last_error or Exception("Unknown API error")
  File "/Users/atharvnaphade/Code/Research/creativity/repo/sampling-limits-neurips/scripts/../src/models/api_model.py", line 49, in generate
    response.raise_for_status()
  File "/Users/atharvnaphade/Code/Research/creativity/repo/sampling-limits-neurips/.venv/lib/python3.12/site-packages/requests/models.py", line 1026, in raise_for_status
    raise HTTPError(http_error_msg, response=self)
requests.exceptions.HTTPError: 400 Client Error: Bad Request for url: https://openrouter.ai/api/v1/chat/completions
[2026-01-01 02:17:46,416][__main__][ERROR] - Error processing item 191: 400 Client Error: Bad Request for url: https://openrouter.ai/api/v1/chat/completions
Traceback (most recent call last):
  File "/Users/atharvnaphade/Code/Research/creativity/repo/sampling-limits-neurips/scripts/run_experiment.py", line 37, in process_item
    output, prompt_used = run_sampling(model, prompt, cfg.method)
                          ^^^^^^^^^^^^^^^^^^^^^^^^^^^^^^^^^^^^^^^
  File "/Users/atharvnaphade/Code/Research/creativity/repo/sampling-limits-neurips/scripts/../src/sampling/engine.py", line 20, in run_sampling
    return model.generate(prompt_used, **method_config), prompt_used
           ^^^^^^^^^^^^^^^^^^^^^^^^^^^^^^^^^^^^^^^^^^^^
  File "/Users/atharvnaphade/Code/Research/creativity/repo/sampling-limits-neurips/scripts/../src/models/api_model.py", line 73, in generate
    raise last_error or Exception("Unknown API error")
  File "/Users/atharvnaphade/Code/Research/creativity/repo/sampling-limits-neurips/scripts/../src/models/api_model.py", line 49, in generate
    response.raise_for_status()
  File "/Users/atharvnaphade/Code/Research/creativity/repo/sampling-limits-neurips/.venv/lib/python3.12/site-packages/requests/models.py", line 1026, in raise_for_status
    raise HTTPError(http_error_msg, response=self)
requests.exceptions.HTTPError: 400 Client Error: Bad Request for url: https://openrouter.ai/api/v1/chat/completions
[2026-01-01 02:17:46,417][__main__][ERROR] - Error processing item 188: 400 Client Error: Bad Request for url: https://openrouter.ai/api/v1/chat/completions
Traceback (most recent call last):
  File "/Users/atharvnaphade/Code/Research/creativity/repo/sampling-limits-neurips/scripts/run_experiment.py", line 37, in process_item
    output, prompt_used = run_sampling(model, prompt, cfg.method)
                          ^^^^^^^^^^^^^^^^^^^^^^^^^^^^^^^^^^^^^^^
  File "/Users/atharvnaphade/Code/Research/creativity/repo/sampling-limits-neurips/scripts/../src/sampling/engine.py", line 20, in run_sampling
    return model.generate(prompt_used, **method_config), prompt_used
           ^^^^^^^^^^^^^^^^^^^^^^^^^^^^^^^^^^^^^^^^^^^^
  File "/Users/atharvnaphade/Code/Research/creativity/repo/sampling-limits-neurips/scripts/../src/models/api_model.py", line 73, in generate
    raise last_error or Exception("Unknown API error")
  File "/Users/atharvnaphade/Code/Research/creativity/repo/sampling-limits-neurips/scripts/../src/models/api_model.py", line 49, in generate
    response.raise_for_status()
  File "/Users/atharvnaphade/Code/Research/creativity/repo/sampling-limits-neurips/.venv/lib/python3.12/site-packages/requests/models.py", line 1026, in raise_for_status
    raise HTTPError(http_error_msg, response=self)
requests.exceptions.HTTPError: 400 Client Error: Bad Request for url: https://openrouter.ai/api/v1/chat/completions
[2026-01-01 02:17:46,420][__main__][ERROR] - Error processing item 193: 400 Client Error: Bad Request for url: https://openrouter.ai/api/v1/chat/completions
Traceback (most recent call last):
  File "/Users/atharvnaphade/Code/Research/creativity/repo/sampling-limits-neurips/scripts/run_experiment.py", line 37, in process_item
    output, prompt_used = run_sampling(model, prompt, cfg.method)
                          ^^^^^^^^^^^^^^^^^^^^^^^^^^^^^^^^^^^^^^^
  File "/Users/atharvnaphade/Code/Research/creativity/repo/sampling-limits-neurips/scripts/../src/sampling/engine.py", line 20, in run_sampling
    return model.generate(prompt_used, **method_config), prompt_used
           ^^^^^^^^^^^^^^^^^^^^^^^^^^^^^^^^^^^^^^^^^^^^
  File "/Users/atharvnaphade/Code/Research/creativity/repo/sampling-limits-neurips/scripts/../src/models/api_model.py", line 73, in generate
    raise last_error or Exception("Unknown API error")
  File "/Users/atharvnaphade/Code/Research/creativity/repo/sampling-limits-neurips/scripts/../src/models/api_model.py", line 49, in generate
    response.raise_for_status()
  File "/Users/atharvnaphade/Code/Research/creativity/repo/sampling-limits-neurips/.venv/lib/python3.12/site-packages/requests/models.py", line 1026, in raise_for_status
    raise HTTPError(http_error_msg, response=self)
requests.exceptions.HTTPError: 400 Client Error: Bad Request for url: https://openrouter.ai/api/v1/chat/completions
[2026-01-01 02:17:46,422][__main__][ERROR] - Error processing item 187: 400 Client Error: Bad Request for url: https://openrouter.ai/api/v1/chat/completions
Traceback (most recent call last):
  File "/Users/atharvnaphade/Code/Research/creativity/repo/sampling-limits-neurips/scripts/run_experiment.py", line 37, in process_item
    output, prompt_used = run_sampling(model, prompt, cfg.method)
                          ^^^^^^^^^^^^^^^^^^^^^^^^^^^^^^^^^^^^^^^
  File "/Users/atharvnaphade/Code/Research/creativity/repo/sampling-limits-neurips/scripts/../src/sampling/engine.py", line 20, in run_sampling
    return model.generate(prompt_used, **method_config), prompt_used
           ^^^^^^^^^^^^^^^^^^^^^^^^^^^^^^^^^^^^^^^^^^^^
  File "/Users/atharvnaphade/Code/Research/creativity/repo/sampling-limits-neurips/scripts/../src/models/api_model.py", line 73, in generate
    raise last_error or Exception("Unknown API error")
  File "/Users/atharvnaphade/Code/Research/creativity/repo/sampling-limits-neurips/scripts/../src/models/api_model.py", line 49, in generate
    response.raise_for_status()
  File "/Users/atharvnaphade/Code/Research/creativity/repo/sampling-limits-neurips/.venv/lib/python3.12/site-packages/requests/models.py", line 1026, in raise_for_status
    raise HTTPError(http_error_msg, response=self)
requests.exceptions.HTTPError: 400 Client Error: Bad Request for url: https://openrouter.ai/api/v1/chat/completions
[2026-01-01 02:17:46,423][__main__][ERROR] - Error processing item 189: 400 Client Error: Bad Request for url: https://openrouter.ai/api/v1/chat/completions
Traceback (most recent call last):
  File "/Users/atharvnaphade/Code/Research/creativity/repo/sampling-limits-neurips/scripts/run_experiment.py", line 37, in process_item
    output, prompt_used = run_sampling(model, prompt, cfg.method)
                          ^^^^^^^^^^^^^^^^^^^^^^^^^^^^^^^^^^^^^^^
  File "/Users/atharvnaphade/Code/Research/creativity/repo/sampling-limits-neurips/scripts/../src/sampling/engine.py", line 20, in run_sampling
    return model.generate(prompt_used, **method_config), prompt_used
           ^^^^^^^^^^^^^^^^^^^^^^^^^^^^^^^^^^^^^^^^^^^^
  File "/Users/atharvnaphade/Code/Research/creativity/repo/sampling-limits-neurips/scripts/../src/models/api_model.py", line 73, in generate
    raise last_error or Exception("Unknown API error")
  File "/Users/atharvnaphade/Code/Research/creativity/repo/sampling-limits-neurips/scripts/../src/models/api_model.py", line 49, in generate
    response.raise_for_status()
  File "/Users/atharvnaphade/Code/Research/creativity/repo/sampling-limits-neurips/.venv/lib/python3.12/site-packages/requests/models.py", line 1026, in raise_for_status
    raise HTTPError(http_error_msg, response=self)
requests.exceptions.HTTPError: 400 Client Error: Bad Request for url: https://openrouter.ai/api/v1/chat/completions
[2026-01-01 02:17:46,438][__main__][ERROR] - Error processing item 175: 400 Client Error: Bad Request for url: https://openrouter.ai/api/v1/chat/completions
Traceback (most recent call last):
  File "/Users/atharvnaphade/Code/Research/creativity/repo/sampling-limits-neurips/scripts/run_experiment.py", line 37, in process_item
    output, prompt_used = run_sampling(model, prompt, cfg.method)
                          ^^^^^^^^^^^^^^^^^^^^^^^^^^^^^^^^^^^^^^^
  File "/Users/atharvnaphade/Code/Research/creativity/repo/sampling-limits-neurips/scripts/../src/sampling/engine.py", line 20, in run_sampling
    return model.generate(prompt_used, **method_config), prompt_used
           ^^^^^^^^^^^^^^^^^^^^^^^^^^^^^^^^^^^^^^^^^^^^
  File "/Users/atharvnaphade/Code/Research/creativity/repo/sampling-limits-neurips/scripts/../src/models/api_model.py", line 73, in generate
    raise last_error or Exception("Unknown API error")
  File "/Users/atharvnaphade/Code/Research/creativity/repo/sampling-limits-neurips/scripts/../src/models/api_model.py", line 49, in generate
    response.raise_for_status()
  File "/Users/atharvnaphade/Code/Research/creativity/repo/sampling-limits-neurips/.venv/lib/python3.12/site-packages/requests/models.py", line 1026, in raise_for_status
    raise HTTPError(http_error_msg, response=self)
requests.exceptions.HTTPError: 400 Client Error: Bad Request for url: https://openrouter.ai/api/v1/chat/completions
[2026-01-01 02:17:46,468][__main__][ERROR] - Error processing item 197: 400 Client Error: Bad Request for url: https://openrouter.ai/api/v1/chat/completions
Traceback (most recent call last):
  File "/Users/atharvnaphade/Code/Research/creativity/repo/sampling-limits-neurips/scripts/run_experiment.py", line 37, in process_item
    output, prompt_used = run_sampling(model, prompt, cfg.method)
                          ^^^^^^^^^^^^^^^^^^^^^^^^^^^^^^^^^^^^^^^
  File "/Users/atharvnaphade/Code/Research/creativity/repo/sampling-limits-neurips/scripts/../src/sampling/engine.py", line 20, in run_sampling
    return model.generate(prompt_used, **method_config), prompt_used
           ^^^^^^^^^^^^^^^^^^^^^^^^^^^^^^^^^^^^^^^^^^^^
  File "/Users/atharvnaphade/Code/Research/creativity/repo/sampling-limits-neurips/scripts/../src/models/api_model.py", line 73, in generate
    raise last_error or Exception("Unknown API error")
  File "/Users/atharvnaphade/Code/Research/creativity/repo/sampling-limits-neurips/scripts/../src/models/api_model.py", line 49, in generate
    response.raise_for_status()
  File "/Users/atharvnaphade/Code/Research/creativity/repo/sampling-limits-neurips/.venv/lib/python3.12/site-packages/requests/models.py", line 1026, in raise_for_status
    raise HTTPError(http_error_msg, response=self)
requests.exceptions.HTTPError: 400 Client Error: Bad Request for url: https://openrouter.ai/api/v1/chat/completions
[2026-01-01 02:17:46,543][__main__][ERROR] - Error processing item 198: 400 Client Error: Bad Request for url: https://openrouter.ai/api/v1/chat/completions
Traceback (most recent call last):
  File "/Users/atharvnaphade/Code/Research/creativity/repo/sampling-limits-neurips/scripts/run_experiment.py", line 37, in process_item
    output, prompt_used = run_sampling(model, prompt, cfg.method)
                          ^^^^^^^^^^^^^^^^^^^^^^^^^^^^^^^^^^^^^^^
  File "/Users/atharvnaphade/Code/Research/creativity/repo/sampling-limits-neurips/scripts/../src/sampling/engine.py", line 20, in run_sampling
    return model.generate(prompt_used, **method_config), prompt_used
           ^^^^^^^^^^^^^^^^^^^^^^^^^^^^^^^^^^^^^^^^^^^^
  File "/Users/atharvnaphade/Code/Research/creativity/repo/sampling-limits-neurips/scripts/../src/models/api_model.py", line 73, in generate
    raise last_error or Exception("Unknown API error")
  File "/Users/atharvnaphade/Code/Research/creativity/repo/sampling-limits-neurips/scripts/../src/models/api_model.py", line 49, in generate
    response.raise_for_status()
  File "/Users/atharvnaphade/Code/Research/creativity/repo/sampling-limits-neurips/.venv/lib/python3.12/site-packages/requests/models.py", line 1026, in raise_for_status
    raise HTTPError(http_error_msg, response=self)
requests.exceptions.HTTPError: 400 Client Error: Bad Request for url: https://openrouter.ai/api/v1/chat/completions
[2026-01-01 02:17:46,551][__main__][ERROR] - Error processing item 178: 400 Client Error: Bad Request for url: https://openrouter.ai/api/v1/chat/completions
Traceback (most recent call last):
  File "/Users/atharvnaphade/Code/Research/creativity/repo/sampling-limits-neurips/scripts/run_experiment.py", line 37, in process_item
    output, prompt_used = run_sampling(model, prompt, cfg.method)
                          ^^^^^^^^^^^^^^^^^^^^^^^^^^^^^^^^^^^^^^^
  File "/Users/atharvnaphade/Code/Research/creativity/repo/sampling-limits-neurips/scripts/../src/sampling/engine.py", line 20, in run_sampling
    return model.generate(prompt_used, **method_config), prompt_used
           ^^^^^^^^^^^^^^^^^^^^^^^^^^^^^^^^^^^^^^^^^^^^
  File "/Users/atharvnaphade/Code/Research/creativity/repo/sampling-limits-neurips/scripts/../src/models/api_model.py", line 73, in generate
    raise last_error or Exception("Unknown API error")
  File "/Users/atharvnaphade/Code/Research/creativity/repo/sampling-limits-neurips/scripts/../src/models/api_model.py", line 49, in generate
    response.raise_for_status()
  File "/Users/atharvnaphade/Code/Research/creativity/repo/sampling-limits-neurips/.venv/lib/python3.12/site-packages/requests/models.py", line 1026, in raise_for_status
    raise HTTPError(http_error_msg, response=self)
requests.exceptions.HTTPError: 400 Client Error: Bad Request for url: https://openrouter.ai/api/v1/chat/completions
[2026-01-01 02:17:46,552][__main__][ERROR] - Error processing item 171: 400 Client Error: Bad Request for url: https://openrouter.ai/api/v1/chat/completions
Traceback (most recent call last):
  File "/Users/atharvnaphade/Code/Research/creativity/repo/sampling-limits-neurips/scripts/run_experiment.py", line 37, in process_item
    output, prompt_used = run_sampling(model, prompt, cfg.method)
                          ^^^^^^^^^^^^^^^^^^^^^^^^^^^^^^^^^^^^^^^
  File "/Users/atharvnaphade/Code/Research/creativity/repo/sampling-limits-neurips/scripts/../src/sampling/engine.py", line 20, in run_sampling
    return model.generate(prompt_used, **method_config), prompt_used
           ^^^^^^^^^^^^^^^^^^^^^^^^^^^^^^^^^^^^^^^^^^^^
  File "/Users/atharvnaphade/Code/Research/creativity/repo/sampling-limits-neurips/scripts/../src/models/api_model.py", line 73, in generate
    raise last_error or Exception("Unknown API error")
  File "/Users/atharvnaphade/Code/Research/creativity/repo/sampling-limits-neurips/scripts/../src/models/api_model.py", line 49, in generate
    response.raise_for_status()
  File "/Users/atharvnaphade/Code/Research/creativity/repo/sampling-limits-neurips/.venv/lib/python3.12/site-packages/requests/models.py", line 1026, in raise_for_status
    raise HTTPError(http_error_msg, response=self)
requests.exceptions.HTTPError: 400 Client Error: Bad Request for url: https://openrouter.ai/api/v1/chat/completions
[2026-01-01 02:17:46,586][__main__][ERROR] - Error processing item 199: 400 Client Error: Bad Request for url: https://openrouter.ai/api/v1/chat/completions
Traceback (most recent call last):
  File "/Users/atharvnaphade/Code/Research/creativity/repo/sampling-limits-neurips/scripts/run_experiment.py", line 37, in process_item
    output, prompt_used = run_sampling(model, prompt, cfg.method)
                          ^^^^^^^^^^^^^^^^^^^^^^^^^^^^^^^^^^^^^^^
  File "/Users/atharvnaphade/Code/Research/creativity/repo/sampling-limits-neurips/scripts/../src/sampling/engine.py", line 20, in run_sampling
    return model.generate(prompt_used, **method_config), prompt_used
           ^^^^^^^^^^^^^^^^^^^^^^^^^^^^^^^^^^^^^^^^^^^^
  File "/Users/atharvnaphade/Code/Research/creativity/repo/sampling-limits-neurips/scripts/../src/models/api_model.py", line 73, in generate
    raise last_error or Exception("Unknown API error")
  File "/Users/atharvnaphade/Code/Research/creativity/repo/sampling-limits-neurips/scripts/../src/models/api_model.py", line 49, in generate
    response.raise_for_status()
  File "/Users/atharvnaphade/Code/Research/creativity/repo/sampling-limits-neurips/.venv/lib/python3.12/site-packages/requests/models.py", line 1026, in raise_for_status
    raise HTTPError(http_error_msg, response=self)
requests.exceptions.HTTPError: 400 Client Error: Bad Request for url: https://openrouter.ai/api/v1/chat/completions
[2026-01-01 02:17:46,674][__main__][ERROR] - Error processing item 169: 400 Client Error: Bad Request for url: https://openrouter.ai/api/v1/chat/completions
Traceback (most recent call last):
  File "/Users/atharvnaphade/Code/Research/creativity/repo/sampling-limits-neurips/scripts/run_experiment.py", line 37, in process_item
    output, prompt_used = run_sampling(model, prompt, cfg.method)
                          ^^^^^^^^^^^^^^^^^^^^^^^^^^^^^^^^^^^^^^^
  File "/Users/atharvnaphade/Code/Research/creativity/repo/sampling-limits-neurips/scripts/../src/sampling/engine.py", line 20, in run_sampling
    return model.generate(prompt_used, **method_config), prompt_used
           ^^^^^^^^^^^^^^^^^^^^^^^^^^^^^^^^^^^^^^^^^^^^
  File "/Users/atharvnaphade/Code/Research/creativity/repo/sampling-limits-neurips/scripts/../src/models/api_model.py", line 73, in generate
    raise last_error or Exception("Unknown API error")
  File "/Users/atharvnaphade/Code/Research/creativity/repo/sampling-limits-neurips/scripts/../src/models/api_model.py", line 49, in generate
    response.raise_for_status()
  File "/Users/atharvnaphade/Code/Research/creativity/repo/sampling-limits-neurips/.venv/lib/python3.12/site-packages/requests/models.py", line 1026, in raise_for_status
    raise HTTPError(http_error_msg, response=self)
requests.exceptions.HTTPError: 400 Client Error: Bad Request for url: https://openrouter.ai/api/v1/chat/completions
[2026-01-01 02:17:46,795][__main__][ERROR] - Error processing item 180: 400 Client Error: Bad Request for url: https://openrouter.ai/api/v1/chat/completions
Traceback (most recent call last):
  File "/Users/atharvnaphade/Code/Research/creativity/repo/sampling-limits-neurips/scripts/run_experiment.py", line 37, in process_item
    output, prompt_used = run_sampling(model, prompt, cfg.method)
                          ^^^^^^^^^^^^^^^^^^^^^^^^^^^^^^^^^^^^^^^
  File "/Users/atharvnaphade/Code/Research/creativity/repo/sampling-limits-neurips/scripts/../src/sampling/engine.py", line 20, in run_sampling
    return model.generate(prompt_used, **method_config), prompt_used
           ^^^^^^^^^^^^^^^^^^^^^^^^^^^^^^^^^^^^^^^^^^^^
  File "/Users/atharvnaphade/Code/Research/creativity/repo/sampling-limits-neurips/scripts/../src/models/api_model.py", line 73, in generate
    raise last_error or Exception("Unknown API error")
  File "/Users/atharvnaphade/Code/Research/creativity/repo/sampling-limits-neurips/scripts/../src/models/api_model.py", line 49, in generate
    response.raise_for_status()
  File "/Users/atharvnaphade/Code/Research/creativity/repo/sampling-limits-neurips/.venv/lib/python3.12/site-packages/requests/models.py", line 1026, in raise_for_status
    raise HTTPError(http_error_msg, response=self)
requests.exceptions.HTTPError: 400 Client Error: Bad Request for url: https://openrouter.ai/api/v1/chat/completions
[2026-01-01 02:18:46,454][__main__][ERROR] - Error processing item 196: 400 Client Error: Bad Request for url: https://openrouter.ai/api/v1/chat/completions
Traceback (most recent call last):
  File "/Users/atharvnaphade/Code/Research/creativity/repo/sampling-limits-neurips/scripts/run_experiment.py", line 37, in process_item
    output, prompt_used = run_sampling(model, prompt, cfg.method)
                          ^^^^^^^^^^^^^^^^^^^^^^^^^^^^^^^^^^^^^^^
  File "/Users/atharvnaphade/Code/Research/creativity/repo/sampling-limits-neurips/scripts/../src/sampling/engine.py", line 20, in run_sampling
    return model.generate(prompt_used, **method_config), prompt_used
           ^^^^^^^^^^^^^^^^^^^^^^^^^^^^^^^^^^^^^^^^^^^^
  File "/Users/atharvnaphade/Code/Research/creativity/repo/sampling-limits-neurips/scripts/../src/models/api_model.py", line 73, in generate
    raise last_error or Exception("Unknown API error")
  File "/Users/atharvnaphade/Code/Research/creativity/repo/sampling-limits-neurips/scripts/../src/models/api_model.py", line 49, in generate
    response.raise_for_status()
  File "/Users/atharvnaphade/Code/Research/creativity/repo/sampling-limits-neurips/.venv/lib/python3.12/site-packages/requests/models.py", line 1026, in raise_for_status
    raise HTTPError(http_error_msg, response=self)
requests.exceptions.HTTPError: 400 Client Error: Bad Request for url: https://openrouter.ai/api/v1/chat/completions
